ppt,trial,block,stake,s1,s2,choice,stimuli_left,stimuli_right,points,rews_1,rews_2,rt_1,rt_2,timeout_1,timeout_2,missed,score
101,0,1,5,2,1,4,3,4,0.888889,0.888889,0.444444,0.567483,1.33267,0,0,0,4.44444
101,1,1,1,2,1,4,3,4,1,1,0.555556,0.702171,0.368045,0,0,0,5.44444
101,2,1,5,1,1,2,2,1,0.888889,0.888889,0.444444,1.16626,0.375672,0,0,0,9.88889
101,3,1,1,1,1,2,1,2,0.888889,0.888889,0.333333,0.824604,0.414765,0,0,0,10.7778
101,4,1,1,2,2,3,3,4,0.222222,1,0.222222,0.657614,0.57406,0,0,0,11
101,5,1,5,1,1,2,1,2,0.777778,0.777778,0.333333,1.47005,0.202371,0,0,0,14.8889
101,6,1,1,2,1,4,4,3,0.555556,0.555556,0.555556,1.06906,0.224454,0,0,0,15.4444
101,7,1,1,2,2,3,3,4,0.777778,0.777778,0.777778,0.932429,0.261405,0,0,0,16.2222
101,8,1,5,1,2,1,1,2,0.555556,0.666667,0.555556,1.40545,0.32299,0,0,0,19
101,9,1,5,2,1,4,4,3,0.666667,0.666667,0.555556,0.885729,0.384451,0,0,0,22.3333
101,10,1,1,2,1,4,4,3,0.777778,0.777778,0.444444,0.985366,0.303276,0,0,0,23.1111
101,11,1,5,1,1,2,2,1,1,1,0.444444,1.4897,0.277034,0,0,0,28.1111
101,12,1,5,2,1,4,3,4,1,1,0.777778,0.716958,0.268566,0,0,0,33.1111
101,13,1,5,1,1,2,1,2,0.888889,0.888889,0.777778,1.10305,0.316862,0,0,0,37.5556
101,14,1,5,2,1,4,4,3,0.777778,0.777778,0.777778,1.43866,0.272123,0,0,0,41.4444
101,15,1,1,2,1,4,3,4,0.333333,0.333333,0.555556,0.845815,0.358193,0,0,0,41.7778
101,16,1,5,1,2,1,2,1,0.222222,0.444444,0.222222,1.27898,0.269271,0,0,0,42.8889
101,17,1,1,1,0,-1,2,1,0,0.111111,0.222222,-1,-1,1,0,1,42.8889
101,18,1,5,1,2,1,2,1,0.111111,0.111111,0.111111,0.618642,0.340009,0,0,0,43.4444
101,19,1,1,2,1,4,4,3,0,0,0.111111,0.621938,0.274111,0,0,0,43.4444
101,20,1,1,2,2,3,3,4,0.333333,0.333333,0.333333,1.26641,0.307203,0,0,0,43.7778
101,21,1,5,2,2,3,4,3,0.222222,0.111111,0.222222,1.10666,0.372863,0,0,0,44.8889
101,22,1,1,2,1,4,3,4,0,0,0.111111,0.457112,0.294381,0,0,0,44.8889
101,23,1,5,2,2,3,3,4,0.111111,0.111111,0.111111,0.935817,0.333309,0,0,0,45.4444
101,24,1,5,2,1,4,4,3,0.111111,0.111111,0.333333,0.795927,0.324699,0,0,0,46
101,25,1,5,1,1,2,1,2,0.111111,0.111111,0.444444,0.834355,0.285228,0,0,0,46.5556
101,26,1,1,1,1,2,2,1,0,0,0.444444,1.05118,0.262564,0,0,0,46.5556
101,27,1,1,2,2,3,3,4,0.444444,0.111111,0.444444,1.25993,0.383661,0,0,0,47
101,28,1,5,1,2,1,1,2,0.333333,0,0.333333,1.1589,0.266571,0,0,0,48.6667
101,29,1,5,2,1,4,4,3,0.111111,0.111111,0.555556,0.81069,0.350469,0,0,0,49.2222
101,30,1,5,2,2,3,3,4,0.444444,0.222222,0.444444,1.18934,0.426356,0,0,0,51.4444
101,31,1,5,1,2,1,1,2,0.333333,0,0.333333,1.09448,0.25781,0,0,0,53.1111
101,32,1,5,2,1,4,3,4,0.333333,0.333333,0.333333,0.53264,0.336348,0,0,0,54.7778
101,33,1,5,1,1,2,2,1,0.666667,0.666667,0.222222,1.35591,0.284548,0,0,0,58.1111
101,34,1,5,1,1,2,1,2,0.444444,0.444444,0,1.2548,0.233216,0,0,0,60.3333
101,35,2,1,1,2,1,1,2,0.111111,0.444444,0.111111,0.781713,0.470904,0,0,0,60.4444
101,36,2,5,1,1,2,2,1,0.555556,0.555556,0.222222,0.637519,0.338762,0,0,0,63.2222
101,37,2,5,1,1,2,2,1,0.888889,0.888889,0.111111,0.914883,0.305188,0,0,0,67.6667
101,38,2,5,1,1,2,1,2,0.888889,0.888889,0.111111,0.803678,0.416028,0,0,0,72.1111
101,39,2,1,1,1,2,1,2,0.666667,0.666667,0,0.561382,0.272146,0,0,0,72.7778
101,40,2,1,2,1,4,3,4,0.777778,0.777778,0.333333,0.705495,0.362959,0,0,0,73.5556
101,41,2,1,2,1,4,4,3,0.888889,0.888889,0.111111,0.735856,0.570773,0,0,0,74.4444
101,42,2,1,1,1,2,1,2,0.888889,0.888889,0.444444,1.10552,0.315109,0,0,0,75.3333
101,43,2,1,2,1,4,4,3,0.888889,0.888889,0.111111,0.534742,0.242171,0,0,0,76.2222
101,44,2,5,2,1,4,3,4,0.555556,0.555556,0.555556,0.407733,0.386231,0,0,0,79
101,45,2,5,2,2,3,4,3,0.666667,0.222222,0.666667,0.696902,0.329156,0,0,0,82.3333
101,46,2,1,2,2,3,3,4,0.666667,0.111111,0.666667,0.968489,0.358884,0,0,0,83
101,47,2,5,1,2,1,2,1,0.333333,0.111111,0.333333,0.936286,0.351351,0,0,0,84.6667
101,48,2,5,1,1,2,2,1,0.111111,0.111111,0.444444,0.981657,0.258714,0,0,0,85.2222
101,49,2,5,2,2,3,3,4,0.666667,0,0.666667,0.909023,0.265419,0,0,0,88.5556
101,50,2,5,2,2,3,3,4,0.555556,0.333333,0.555556,0.845448,0.251028,0,0,0,91.3333
101,51,2,1,2,2,3,4,3,0.555556,0.333333,0.555556,1.07225,0.331171,0,0,0,91.8889
101,52,2,1,2,2,3,4,3,0.777778,0.444444,0.777778,0.994216,0.281406,0,0,0,92.6667
101,53,2,1,2,2,3,3,4,0.888889,0.444444,0.888889,0.748352,0.26463,0,0,0,93.5556
101,54,2,5,2,2,3,4,3,0.888889,0.111111,0.888889,0.770928,0.302842,0,0,0,98
101,55,2,5,2,2,3,4,3,0.666667,0.222222,0.666667,0.749221,0.31667,0,0,0,101.333
101,56,2,5,1,2,1,1,2,0.888889,0.222222,0.888889,0.747315,0.272075,0,0,0,105.778
101,57,2,5,2,2,3,3,4,0.777778,0.111111,0.777778,0.76807,0.367588,0,0,0,109.667
101,58,2,1,1,2,1,1,2,1,0.666667,1,1.69948,0.412366,0,0,0,110.667
101,59,2,1,1,2,1,1,2,1,0.444444,1,0.661014,0.232329,0,0,0,111.667
101,60,2,1,2,2,3,3,4,0.666667,0.666667,0.666667,0.847653,0.3192,0,0,0,112.333
101,61,2,1,1,2,1,1,2,0.777778,0.666667,0.777778,0.623492,0.314927,0,0,0,113.111
101,62,2,5,1,2,1,1,2,1,0.888889,1,0.985138,0.277923,0,0,0,118.111
101,63,2,1,1,2,1,2,1,0.888889,0.111111,0.888889,1.0895,0.452375,0,0,0,119
101,64,2,1,1,2,1,2,1,0.666667,0,0.666667,1.1671,0.477873,0,0,0,119.667
101,65,2,5,1,2,1,1,2,0.888889,0,0.888889,0.903439,0.858599,0,0,0,124.111
101,66,2,5,1,2,1,2,1,0.777778,0,0.777778,0.689004,0.275168,0,0,0,128
101,67,2,1,1,2,1,2,1,0.888889,0,0.888889,0.599137,0.482746,0,0,0,128.889
101,68,2,5,2,2,3,4,3,0.888889,0.222222,0.888889,0.964347,0.238205,0,0,0,133.333
101,69,2,1,2,2,3,4,3,0.555556,0.444444,0.555556,0.533335,0.356292,0,0,0,133.889
101,70,3,5,2,1,4,3,4,0.444444,0.444444,0.555556,0.507596,0.359401,0,0,0,136.111
101,71,3,1,1,2,1,1,2,0.444444,0.555556,0.444444,0.607927,0.395448,0,0,0,136.556
101,72,3,5,2,1,4,4,3,0.555556,0.555556,0.444444,0.571684,0.268147,0,0,0,139.333
101,73,3,1,1,1,2,1,2,0.111111,0.111111,0.333333,0.843596,0.266087,0,0,0,139.444
101,74,3,1,2,2,3,3,4,0,0.222222,0,0.922517,0.442941,0,0,0,139.444
101,75,3,5,2,1,4,4,3,0.333333,0.333333,0.111111,0.507848,0.503637,0,0,0,141.111
101,76,3,1,1,1,2,2,1,0.111111,0.111111,0,0.613084,0.357354,0,0,0,141.222
101,77,3,5,2,2,3,3,4,0.111111,0.111111,0.111111,1.2198,0.299049,0,0,0,141.778
101,78,3,1,1,1,2,2,1,0.333333,0.333333,0.111111,0.891898,0.301014,0,0,0,142.111
101,79,3,5,1,1,2,2,1,0.333333,0.333333,0.444444,0.549187,0.325741,0,0,0,143.778
101,80,3,1,1,1,2,2,1,0.444444,0.444444,0.222222,0.643304,0.594225,0,0,0,144.222
101,81,3,1,2,1,4,3,4,0.333333,0.333333,0.111111,0.583942,0.512345,0,0,0,144.556
101,82,3,5,1,2,1,1,2,0.333333,0.333333,0.333333,0.97872,0.420164,0,0,0,146.222
101,83,3,5,2,2,3,3,4,0.444444,0.111111,0.444444,1.0573,0.411532,0,0,0,148.444
101,84,3,5,2,2,3,4,3,0.444444,0.111111,0.444444,1.55835,0.417935,0,0,0,150.667
101,85,3,1,1,2,1,1,2,0,0.222222,0,1.14424,0.282183,0,0,0,150.667
101,86,3,5,2,1,4,3,4,0.555556,0.555556,0,1.49919,0.689135,0,0,0,153.444
101,87,3,5,2,1,4,3,4,0.777778,0.777778,0.111111,0.677232,0.283144,0,0,0,157.333
101,88,3,5,2,1,4,4,3,0.888889,0.888889,0.111111,0.447049,0.376184,0,0,0,161.778
101,89,3,5,2,1,4,3,4,0.777778,0.777778,0,0.503964,0.401059,0,0,0,165.667
101,90,3,5,2,1,4,3,4,0.777778,0.777778,0,0.590313,0.355455,0,0,0,169.556
101,91,3,5,1,1,2,1,2,0.777778,0.777778,0.111111,0.725926,0.308536,0,0,0,173.444
101,92,3,5,1,1,2,2,1,0.888889,0.888889,0,0.766456,0.344426,0,0,0,177.889
101,93,3,1,2,1,4,3,4,0.888889,0.888889,0.222222,0.564792,0.83707,0,0,0,178.778
101,94,3,1,1,1,2,2,1,0.555556,0.555556,0,0.662027,0.227877,0,0,0,179.333
101,95,3,5,2,1,4,3,4,0.666667,0.666667,0.555556,0.883751,1.32569,0,0,0,182.667
101,96,3,1,1,1,2,2,1,0.666667,0.666667,0.555556,0.745891,0.240492,0,0,0,183.333
101,97,3,5,2,1,4,4,3,0.555556,0.555556,0.555556,0.501554,0.222344,0,0,0,186.111
101,98,3,1,1,2,1,1,2,0.222222,0.222222,0.222222,1.0878,0.34034,0,0,0,186.333
101,99,3,5,1,1,2,2,1,0.222222,0.222222,0.333333,0.788862,0.248592,0,0,0,187.444
101,100,3,1,2,2,3,3,4,0.444444,0.333333,0.444444,0.871188,0.253247,0,0,0,187.889
101,101,3,5,1,2,1,1,2,0.333333,0.333333,0.333333,1.22454,1.02781,0,0,0,189.556
101,102,3,1,2,1,4,3,4,0.333333,0.333333,0.111111,0.69838,0.279774,0,0,0,189.889
101,103,3,1,1,2,1,2,1,0.111111,0.444444,0.111111,0.901289,0.272854,0,0,0,190
101,104,3,5,1,1,2,1,2,0.333333,0.333333,0.333333,1.00254,0.275299,0,0,0,191.667
101,105,4,5,1,1,2,2,1,0.111111,0.111111,0.222222,0.898754,0.33818,0,0,0,192.222
101,106,4,5,2,2,3,4,3,0.444444,0.222222,0.444444,0.821885,0.397104,0,0,0,194.444
101,107,4,1,1,2,1,2,1,0.111111,0.444444,0.111111,0.579052,0.359943,0,0,0,194.556
101,108,4,1,2,1,4,3,4,0.333333,0.333333,0.222222,0.609901,0.312259,0,0,0,194.889
101,109,4,1,1,2,1,1,2,0,0.111111,0,0.867226,0.379074,0,0,0,194.889
101,110,4,1,1,1,2,2,1,0.222222,0.222222,0.333333,0.741684,0.264602,0,0,0,195.111
101,111,4,5,2,1,4,4,3,0.555556,0.555556,0,0.708625,0.238977,0,0,0,197.889
101,112,4,5,2,1,4,4,3,0.666667,0.666667,0,0.567994,0.261542,0,0,0,201.222
101,113,4,1,1,1,2,1,2,0.888889,0.888889,0.222222,0.94429,0.229751,0,0,0,202.111
101,114,4,1,1,1,2,2,1,1,1,0.333333,0.791973,0.195912,0,0,0,203.111
101,115,4,1,2,1,4,3,4,0.888889,0.888889,0.333333,0.590958,0.357942,0,0,0,204
101,116,4,5,2,1,4,4,3,0.666667,0.666667,0.111111,0.473554,0.252606,0,0,0,207.333
101,117,4,5,2,1,4,3,4,0.888889,0.888889,0,0.495248,0.226397,0,0,0,211.778
101,118,4,5,1,1,2,1,2,0.777778,0.777778,0,0.718006,0.247546,0,0,0,215.667
101,119,4,1,2,1,4,4,3,0.888889,0.888889,0.222222,0.530627,0.215955,0,0,0,216.556
101,120,4,5,1,1,2,1,2,0.777778,0.777778,0.444444,0.580218,0.239462,0,0,0,220.444
101,121,4,5,2,1,4,4,3,0.555556,0.555556,0.444444,0.629646,0.551645,0,0,0,223.222
101,122,4,5,1,2,1,2,1,0.222222,0.666667,0.222222,0.846362,0.235585,0,0,0,224.333
101,123,4,1,2,1,4,4,3,0.444444,0.444444,0.666667,0.505081,0.228875,0,0,0,224.778
101,124,4,1,1,2,1,1,2,0.333333,0.111111,0.333333,1.38864,0.222163,0,0,0,225.111
101,125,4,5,2,1,4,3,4,0.111111,0.111111,0,0.722614,0.225361,0,0,0,225.667
101,126,4,5,2,2,3,4,3,0,0.111111,0,0.553158,0.258573,0,0,0,225.667
101,127,4,5,1,1,2,2,1,0.333333,0.333333,0,1.66842,0.256635,0,0,0,227.333
101,128,4,1,2,1,4,4,3,0.555556,0.555556,0.111111,0.603664,0.300357,0,0,0,227.889
101,129,4,1,2,1,4,4,3,0.888889,0.888889,0.111111,0.497607,0.624511,0,0,0,228.778
101,130,4,1,2,1,4,3,4,0.777778,0.777778,0.333333,0.714484,0.257396,0,0,0,229.556
101,131,4,1,2,1,4,4,3,0.777778,0.777778,0.555556,0.434964,0.326278,0,0,0,230.333
101,132,4,1,1,1,2,2,1,0.777778,0.777778,0.555556,1.74104,0.368617,0,0,0,231.111
101,133,4,5,2,1,4,4,3,0.777778,0.777778,0.555556,0.622596,0.218918,0,0,0,235
101,134,4,1,1,1,2,2,1,0.555556,0.555556,0.888889,0.684311,0.25526,0,0,0,235.556
101,135,4,1,2,1,4,3,4,0.222222,0.222222,1,0.588309,0.425062,0,0,0,235.778
101,136,4,5,2,2,3,3,4,1,0.111111,1,0.492126,0.277494,0,0,0,240.778
101,137,4,1,1,2,1,2,1,1,0.333333,1,0.981177,0.322062,0,0,0,241.778
101,138,4,5,1,2,1,2,1,0.777778,0.555556,0.777778,0.447278,0.282755,0,0,0,245.667
101,139,4,1,1,2,1,2,1,0.888889,1,0.888889,0.818904,0.186674,0,0,0,246.556
114,0,1,1,1,2,1,1,2,0.888889,0.333333,0.888889,1.33845,0.527914,0,0,0,0.888889
114,1,1,5,1,0,-1,2,1,0,0.666667,0.666667,-1,-1,1,0,1,0.888889
114,2,1,5,1,2,1,2,1,0.666667,0.666667,0.666667,0.375904,0.402141,0,0,0,4.22222
114,3,1,1,2,1,4,3,4,0.444444,0.444444,0.444444,0.814528,0.81363,0,0,0,4.66667
114,4,1,1,1,2,1,1,2,0.777778,0.555556,0.777778,0.851317,0.477607,0,0,0,5.44444
114,5,1,1,2,2,3,3,4,0.444444,0.444444,0.444444,1.07998,0.463974,0,0,0,5.88889
114,6,1,5,1,2,1,2,1,0.888889,0.333333,0.888889,0.451085,0.67669,0,0,0,10.3333
114,7,1,1,2,2,3,4,3,0.888889,0.333333,0.888889,1.16838,0.75789,0,0,0,11.2222
114,8,1,1,1,2,1,2,1,1,0.444444,1,1.06281,0.477311,0,0,0,12.2222
114,9,1,5,2,2,3,3,4,0.777778,0.666667,0.777778,0.999872,0.427762,0,0,0,16.1111
114,10,1,5,1,2,1,1,2,0.777778,0.888889,0.777778,0.913863,0.30797,0,0,0,20
114,11,1,1,2,2,3,3,4,0.444444,0.888889,0.444444,1.05144,0.700635,0,0,0,20.4444
114,12,1,1,2,2,3,4,3,0.222222,0.777778,0.222222,1.03544,0.687817,0,0,0,20.6667
114,13,1,1,1,2,1,1,2,0,0.777778,0.222222,1.13306,-1,0,1,1,20.6667
114,14,1,1,2,2,3,3,4,0.222222,1,0.222222,1.12668,0.333269,0,0,0,20.8889
114,15,1,1,1,1,2,2,1,0.888889,0.888889,0.444444,0.788453,0.553288,0,0,0,21.7778
114,16,1,5,2,1,4,4,3,0.888889,0.888889,0.222222,0.796783,0.394579,0,0,0,26.2222
114,17,1,1,1,0,-1,2,1,0,0.888889,0.111111,-1,-1,1,0,1,26.2222
114,18,1,1,2,1,4,3,4,0.777778,0.777778,0.222222,0.940458,0.579641,0,0,0,27
114,19,1,1,2,2,3,4,3,0,0.777778,0,0.750321,0.756849,0,0,0,27
114,20,1,1,2,2,3,3,4,0,0.777778,0,0.847238,0.801799,0,0,0,27
114,21,1,1,1,1,2,1,2,0.777778,0.777778,0,1.00607,0.517134,0,0,0,27.7778
114,22,1,1,2,1,4,4,3,0.777778,0.777778,0.555556,0.995162,0.339897,0,0,0,28.5556
114,23,1,1,1,2,1,1,2,0.888889,0.666667,0.888889,0.974861,0.458058,0,0,0,29.4444
114,24,1,1,1,1,2,2,1,0.666667,0.666667,0.888889,0.682508,0.698801,0,0,0,30.1111
114,25,1,5,2,2,3,4,3,0.888889,0.666667,0.888889,0.772629,0.655054,0,0,0,34.5556
114,26,1,1,2,2,3,3,4,0.777778,0.777778,0.777778,0.803578,0.806222,0,0,0,35.3333
114,27,1,1,2,2,3,3,4,0.777778,0.555556,0.777778,0.76566,0.417302,0,0,0,36.1111
114,28,1,5,1,1,2,1,2,0.333333,0.333333,0.555556,0.473111,0.425022,0,0,0,37.7778
114,29,1,1,1,1,2,2,1,0,0,0.777778,1.19903,0.540783,0,0,0,37.7778
114,30,1,1,2,1,4,4,3,0.222222,0.222222,0.222222,0.80442,0.41418,0,0,0,38
114,31,1,5,2,2,3,3,4,0.444444,0,0.444444,1.39808,0.430318,0,0,0,40.2222
114,32,1,1,1,1,2,2,1,0.333333,0.333333,0.555556,0.809423,0.534224,0,0,0,40.5556
114,33,1,1,2,2,3,4,3,0.555556,0.333333,0.555556,0.893552,0.643599,0,0,0,41.1111
114,34,1,1,2,2,3,4,3,0.777778,0.555556,0.777778,0.758138,0.367708,0,0,0,41.8889
114,35,2,1,1,2,1,1,2,0.666667,0.444444,0.666667,1.05355,0.631626,0,0,0,42.5556
114,36,2,1,2,1,4,3,4,0,0.555556,0.555556,0.389987,-1,0,1,1,42.5556
114,37,2,1,2,2,3,3,4,0,0.444444,0.444444,0.69467,-1,0,1,1,42.5556
114,38,2,5,2,1,4,3,4,0.555556,0.555556,0,0.473106,1.13025,0,0,0,45.3333
114,39,2,1,2,2,3,4,3,0.222222,0.333333,0.222222,0.835586,1.07311,0,0,0,45.5556
114,40,2,1,2,2,3,3,4,0,0,0.444444,0.728124,-1,0,1,1,45.5556
114,41,2,5,2,2,3,4,3,0,0.222222,0.222222,0.640916,-1,0,1,1,45.5556
114,42,2,5,2,1,4,4,3,0,0,0.111111,0.907368,0.394121,0,0,0,45.5556
114,43,2,1,2,2,3,4,3,0.222222,0.111111,0.222222,0.575503,0.68716,0,0,0,45.7778
114,44,2,5,1,2,1,1,2,0.222222,0.333333,0.222222,0.691467,0.795567,0,0,0,46.8889
114,45,2,5,1,1,2,1,2,0.333333,0.333333,0.111111,0.737574,0.902108,0,0,0,48.5556
114,46,2,5,2,1,4,4,3,0.333333,0.333333,0.111111,0.967509,0.493155,0,0,0,50.2222
114,47,2,5,2,2,3,3,4,0.333333,0.333333,0.333333,0.956022,0.335128,0,0,0,51.8889
114,48,2,5,1,2,1,2,1,0.222222,0.222222,0.222222,0.642141,0.464836,0,0,0,53
114,49,2,5,2,1,4,4,3,0.222222,0.222222,0.555556,0.512916,0.0332467,0,0,0,54.1111
114,50,2,1,1,1,2,2,1,0.222222,0.222222,0.666667,0.980777,0.511731,0,0,0,54.3333
114,51,2,5,2,2,3,4,3,0.888889,0.333333,0.888889,0.640261,0.663733,0,0,0,58.7778
114,52,2,5,2,2,3,4,3,0.777778,0.555556,0.777778,1.30696,0.408497,0,0,0,62.6667
114,53,2,5,2,2,3,4,3,1,0.444444,1,0.758135,0.470145,0,0,0,67.6667
114,54,2,5,1,1,2,1,2,0.555556,0.555556,0.888889,1.06963,0.532106,0,0,0,70.4444
114,55,2,1,1,2,1,2,1,0.777778,0.666667,0.777778,0.482646,0.404198,0,0,0,71.2222
114,56,2,5,2,2,3,4,3,0.666667,0.888889,0.666667,0.89718,0.345026,0,0,0,74.5556
114,57,2,1,2,2,3,3,4,1,0.555556,1,1.44733,0.371154,0,0,0,75.5556
114,58,2,5,2,2,3,3,4,0.888889,0.333333,0.888889,0.910959,0.378592,0,0,0,80
114,59,2,5,2,2,3,4,3,0.888889,0.666667,0.888889,1.14228,0.589962,0,0,0,84.4444
114,60,2,5,2,2,3,3,4,0.777778,0.555556,0.777778,0.670681,0.588871,0,0,0,88.3333
114,61,2,1,1,2,1,1,2,0.777778,0.555556,0.777778,0.727092,0.285406,0,0,0,89.1111
114,62,2,1,1,2,1,2,1,0.888889,0.111111,0.888889,1.14407,0.541973,0,0,0,90
114,63,2,5,2,2,3,3,4,1,0,1,0.974022,0.629031,0,0,0,95
114,64,2,5,1,2,1,1,2,0.777778,0.222222,0.777778,0.611925,0.472496,0,0,0,98.8889
114,65,2,5,1,2,1,2,1,0.444444,0.222222,0.444444,0.402925,0.35479,0,0,0,101.111
114,66,2,5,1,2,1,1,2,0.444444,0.333333,0.444444,0.732521,0.628043,0,0,0,103.333
114,67,2,5,2,2,3,4,3,0.666667,0.333333,0.666667,0.705877,0.628138,0,0,0,106.667
114,68,2,1,1,2,1,1,2,0.777778,0.222222,0.777778,0.81006,0.952485,0,0,0,107.444
114,69,2,1,2,2,3,4,3,0.666667,0.555556,0.666667,0.736824,0.290718,0,0,0,108.111
114,70,3,1,2,2,3,3,4,0.444444,0.666667,0.444444,0.982781,0.394749,0,0,0,108.556
114,71,3,5,1,1,2,2,1,0.888889,0.888889,0.666667,1.37926,0.479657,0,0,0,113
114,72,3,1,2,1,4,4,3,0.666667,0.666667,0.444444,0.722953,0.523832,0,0,0,113.667
114,73,3,5,2,1,4,3,4,0.666667,0.666667,0.777778,0.756957,0.434145,0,0,0,117
114,74,3,5,2,1,4,3,4,0.555556,0.555556,0.666667,0.525715,0.610725,0,0,0,119.778
114,75,3,1,2,1,4,3,4,0.666667,0.666667,0.555556,0.664965,0.567486,0,0,0,120.444
114,76,3,1,2,1,4,3,4,0.888889,0.888889,0.555556,0.426268,0.426184,0,0,0,121.333
114,77,3,5,1,2,1,1,2,0.333333,1,0.333333,0.747709,0.460624,0,0,0,123
114,78,3,5,2,1,4,4,3,0.666667,0.666667,0.222222,0.869278,0.950861,0,0,0,126.333
114,79,3,1,1,2,1,2,1,0.888889,0.777778,0.888889,1.10704,0.297208,0,0,0,127.222
114,80,3,5,1,2,1,1,2,0.444444,0.777778,0.444444,0.811141,0.355469,0,0,0,129.444
114,81,3,1,2,1,4,4,3,0.555556,0.555556,0.666667,0.561724,0.298985,0,0,0,130
114,82,3,1,1,1,2,1,2,0.666667,0.666667,0.777778,0.852409,0.564068,0,0,0,130.667
114,83,3,1,2,1,4,4,3,0.666667,0.666667,0.333333,0.94508,1.04563,0,0,0,131.333
114,84,3,1,2,1,4,4,3,0.666667,0.666667,0.555556,0.597655,0.404131,0,0,0,132
114,85,3,5,2,1,4,4,3,0.777778,0.777778,0.444444,0.595712,0.371124,0,0,0,135.889
114,86,3,5,1,2,1,2,1,0.777778,0.888889,0.777778,0.778845,0.265713,0,0,0,139.778
114,87,3,5,2,1,4,4,3,0.777778,0.777778,0.888889,0.330351,1.2504,0,0,0,143.667
114,88,3,1,1,1,2,1,2,0.666667,0.666667,0.888889,0.914254,0.371756,0,0,0,144.333
114,89,3,1,1,1,2,2,1,0.555556,0.555556,0.666667,0.611976,0.50925,0,0,0,144.889
114,90,3,5,1,1,2,1,2,0.666667,0.666667,0.555556,0.878882,0.31079,0,0,0,148.222
114,91,3,5,1,1,2,1,2,0.666667,0.666667,0.222222,0.830395,0.327573,0,0,0,151.556
114,92,3,5,2,1,4,4,3,1,1,0.222222,1.04602,0.429369,0,0,0,156.556
114,93,3,5,2,1,4,4,3,0.888889,0.888889,0.666667,0.694756,1.51444,0,0,0,161
114,94,3,1,1,1,2,1,2,0.888889,0.888889,0.888889,0.730237,0.292517,0,0,0,161.889
114,95,3,5,2,1,4,4,3,0.777778,0.777778,0.888889,0.701631,0.32366,0,0,0,165.778
114,96,3,1,1,1,2,1,2,0.555556,0.555556,0.333333,0.707536,0.664243,0,0,0,166.333
114,97,3,1,1,1,2,1,2,0.333333,0.333333,0.222222,0.583424,0.628219,0,0,0,166.667
114,98,3,5,2,1,4,3,4,0.444444,0.444444,0.111111,0.414437,0.407759,0,0,0,168.889
114,99,3,5,1,1,2,2,1,0.777778,0.777778,0.111111,0.636112,0.470813,0,0,0,172.778
114,100,3,1,1,1,2,2,1,0.888889,0.888889,0.333333,0.617048,0.451858,0,0,0,173.667
114,101,3,5,2,1,4,3,4,0.888889,0.888889,0.222222,0.340617,0.443077,0,0,0,178.111
114,102,3,5,1,1,2,1,2,0.555556,0.555556,0.111111,0.96176,0.385786,0,0,0,180.889
114,103,3,1,2,1,4,4,3,0.888889,0.888889,0,0.938464,0.410185,0,0,0,181.778
114,104,3,5,2,1,4,4,3,0.888889,0.888889,0.222222,1.22155,0.291097,0,0,0,186.222
114,105,4,1,1,1,2,2,1,0.666667,0.666667,0.444444,0.750034,0.671095,0,0,0,186.889
114,106,4,5,1,2,1,1,2,0.444444,0.888889,0.444444,0.676769,1.45914,0,0,0,189.111
114,107,4,1,2,2,3,4,3,0.666667,0.444444,0.666667,0.907694,0.424948,0,0,0,189.778
114,108,4,1,1,2,1,2,1,0.555556,0.555556,0.555556,0.986318,0.394182,0,0,0,190.333
114,109,4,1,2,2,3,3,4,0.333333,0.666667,0.333333,0.868863,0.53248,0,0,0,190.667
114,110,4,5,2,1,4,3,4,0.666667,0.666667,0.333333,0.426885,0.504846,0,0,0,194
114,111,4,1,1,2,1,2,1,0.333333,0.444444,0.333333,1.04721,0.489066,0,0,0,194.333
114,112,4,1,2,1,4,3,4,0.444444,0.444444,0.444444,0.396721,0.563167,0,0,0,194.778
114,113,4,5,2,1,4,3,4,0.333333,0.333333,0.111111,0.364242,0.243947,0,0,0,196.444
114,114,4,1,2,2,3,4,3,0,0.333333,0,0.645646,0.554415,0,0,0,196.444
114,115,4,5,2,1,4,4,3,0.222222,0.222222,0.111111,0.393666,0.554723,0,0,0,197.556
114,116,4,5,1,2,1,1,2,0.111111,0.111111,0.111111,1.08351,0.370902,0,0,0,198.111
114,117,4,1,2,2,3,4,3,0.333333,0.111111,0.333333,0.696612,0.25099,0,0,0,198.444
114,118,4,5,2,1,4,3,4,0.111111,0.111111,0.111111,0.439796,0.238678,0,0,0,199
114,119,4,1,1,2,1,2,1,0.111111,0.111111,0.111111,1.09222,0.37822,0,0,0,199.111
114,120,4,5,2,2,3,3,4,0,0,0,0.664029,0.336336,0,0,0,199.111
114,121,4,1,1,1,2,1,2,0.222222,0.222222,0.111111,0.717376,0.228001,0,0,0,199.333
114,122,4,5,1,1,2,1,2,0.333333,0.333333,0.333333,0.646266,0.309061,0,0,0,201
114,123,4,5,1,1,2,1,2,0.333333,0.333333,0.111111,0.763505,0.621554,0,0,0,202.667
114,124,4,5,1,1,2,2,1,0.222222,0.222222,0.444444,0.725467,0.544415,0,0,0,203.778
114,125,4,5,2,2,3,3,4,0.444444,0.333333,0.444444,0.953287,0.243076,0,0,0,206
114,126,4,5,2,1,4,4,3,0.444444,0.444444,0.444444,0.999713,0.419406,0,0,0,208.222
114,127,4,1,2,1,4,3,4,0.444444,0.444444,0.222222,0.601222,0.237218,0,0,0,208.667
114,128,4,5,1,2,1,1,2,0.555556,0.777778,0.555556,0.955131,0.4261,0,0,0,211.444
114,129,4,1,2,2,3,3,4,0.111111,0.777778,0.111111,0.815952,0.514582,0,0,0,211.556
114,130,4,5,1,2,1,1,2,0.222222,0.666667,0.222222,1.01734,0.209269,0,0,0,212.667
114,131,4,5,1,1,2,2,1,0.777778,0.777778,0.111111,0.706519,0.558001,0,0,0,216.556
114,132,4,5,1,1,2,1,2,0.888889,0.888889,0.222222,0.76881,0.242615,0,0,0,221
114,133,4,1,1,1,2,1,2,1,1,0.666667,0.661036,0.458022,0,0,0,222
114,134,4,1,2,1,4,3,4,0.888889,0.888889,0.888889,0.546168,0.354699,0,0,0,222.889
114,135,4,5,1,1,2,1,2,1,1,0.888889,0.765821,0.427547,0,0,0,227.889
114,136,4,1,1,1,2,1,2,1,1,0.888889,0.556967,0.650484,0,0,0,228.889
114,137,4,1,2,1,4,4,3,0.777778,0.777778,0.777778,1.02934,0.288109,0,0,0,229.667
114,138,4,1,1,1,2,1,2,0.666667,0.666667,0.888889,0.869541,0.615728,0,0,0,230.333
114,139,4,5,2,1,4,3,4,0,0.555556,0.777778,0.384865,-1,0,1,1,230.333
119,0,1,1,1,0,-1,2,1,0,0.555556,0.111111,-1,-1,1,0,1,0
119,1,1,1,1,1,2,2,1,0.555556,0.555556,0,0.289726,0.294646,0,0,0,0.555556
119,2,1,5,2,2,3,4,3,0.111111,0.333333,0.111111,0.418504,0.535268,0,0,0,1.11111
119,3,1,5,2,2,3,4,3,0.333333,0.333333,0.333333,0.416167,0.360118,0,0,0,2.77778
119,4,1,1,2,1,4,3,4,0.888889,0.888889,0.444444,0.736989,0.512174,0,0,0,3.66667
119,5,1,5,2,1,4,4,3,1,1,0.333333,0.625586,0.314869,0,0,0,8.66667
119,6,1,1,1,2,1,2,1,0,0.777778,0,0.728943,0.571306,0,0,0,8.66667
119,7,1,5,2,1,4,3,4,0.333333,0.333333,0.111111,0.478164,0.379128,0,0,0,10.3333
119,8,1,5,1,1,2,1,2,0,0,0.666667,0.852481,0.384426,0,0,0,10.3333
119,9,1,5,2,2,3,3,4,0.666667,0.111111,0.666667,0.967413,0.546004,0,0,0,13.6667
119,10,1,5,1,2,1,1,2,0.222222,0.111111,0.222222,0.554001,0.807559,0,0,0,14.7778
119,11,1,5,2,1,4,3,4,0.111111,0.111111,0.333333,0.433026,0.490674,0,0,0,15.3333
119,12,1,5,1,1,2,2,1,0,0,0.555556,1.14645,0.411146,0,0,0,15.3333
119,13,1,5,2,1,4,4,3,0.222222,0.222222,0.222222,0.703812,0.413922,0,0,0,16.4444
119,14,1,5,1,2,1,1,2,0.333333,0.222222,0.333333,0.952605,0.306502,0,0,0,18.1111
119,15,1,1,2,2,3,3,4,0.333333,0.888889,0.333333,0.842147,0.204605,0,0,0,18.4444
119,16,1,5,2,2,3,3,4,0.333333,0.888889,0.333333,0.834331,0.567363,0,0,0,20.1111
119,17,1,5,1,1,2,2,1,1,1,0.222222,0.791715,0.384022,0,0,0,25.1111
119,18,1,1,1,1,2,1,2,0.777778,0.777778,0,0.957323,0.477527,0,0,0,25.8889
119,19,1,5,2,1,4,3,4,0.666667,0.666667,0.222222,0.549118,0.269902,0,0,0,29.2222
119,20,1,5,2,1,4,4,3,0.555556,0.555556,0.444444,0.716479,0.357779,0,0,0,32
119,21,1,5,1,1,2,2,1,1,1,0.444444,0.876692,0.285109,0,0,0,37
119,22,1,5,1,1,2,2,1,0.555556,0.555556,0.777778,0.570618,0.22992,0,0,0,39.7778
119,23,1,5,2,1,4,3,4,0.333333,0.333333,0.666667,0.660234,0.399067,0,0,0,41.4444
119,24,1,5,1,1,2,2,1,0.222222,0.222222,0.777778,0.576717,0.302884,0,0,0,42.5556
119,25,1,1,2,1,4,4,3,0,0,0.777778,0.558691,0.371898,0,0,0,42.5556
119,26,1,5,1,2,1,2,1,1,0,1,0.603286,0.465728,0,0,0,47.5556
119,27,1,5,2,2,3,3,4,0.777778,0.222222,0.777778,0.571882,0.303755,0,0,0,51.4444
119,28,1,5,1,2,1,1,2,0.666667,0.222222,0.666667,0.803871,0.411584,0,0,0,54.7778
119,29,1,5,2,2,3,4,3,1,0.111111,1,0.825313,0.547083,0,0,0,59.7778
119,30,1,5,2,2,3,4,3,0.777778,0.111111,0.777778,0.599189,0.538817,0,0,0,63.6667
119,31,1,1,2,2,3,3,4,1,0.333333,1,0.667135,0.572977,0,0,0,64.6667
119,32,1,5,2,2,3,3,4,1,0.222222,1,0.587188,0.428776,0,0,0,69.6667
119,33,1,5,1,2,1,2,1,0.777778,0.333333,0.777778,0.761172,0.259668,0,0,0,73.5556
119,34,1,5,1,1,2,1,2,0.222222,0.222222,0.888889,0.522167,0.568325,0,0,0,74.6667
119,35,2,1,1,1,2,2,1,0.555556,0.555556,1,0.637842,0.513486,0,0,0,75.2222
119,36,2,5,2,2,3,3,4,0.777778,0.333333,0.777778,0.724681,0.285745,0,0,0,79.1111
119,37,2,5,2,2,3,4,3,1,0,1,1.01539,0.306341,0,0,0,84.1111
119,38,2,1,2,2,3,4,3,0.888889,0.222222,0.888889,0.722515,0.287499,0,0,0,85
119,39,2,5,2,2,3,4,3,0.666667,0.333333,0.666667,0.562241,0.806643,0,0,0,88.3333
119,40,2,1,1,1,2,2,1,0.444444,0.444444,0.777778,0.84428,0.200452,0,0,0,88.7778
119,41,2,5,1,1,2,2,1,0.111111,0.111111,0.888889,1.14191,0.238629,0,0,0,89.3333
119,42,2,5,1,2,1,1,2,0.888889,0.111111,0.888889,1.05911,0.260409,0,0,0,93.7778
119,43,2,5,2,2,3,4,3,0.888889,0.555556,0.888889,0.782914,0.437493,0,0,0,98.2222
119,44,2,5,1,2,1,2,1,0.666667,0.333333,0.666667,0.930201,0.236397,0,0,0,101.556
119,45,2,1,1,2,1,2,1,1,0.333333,1,0.793033,0.324299,0,0,0,102.556
119,46,2,1,2,2,3,3,4,0.777778,0.333333,0.777778,0.813894,0.351997,0,0,0,103.333
119,47,2,1,1,2,1,1,2,0.888889,0.222222,0.888889,0.725214,0.361286,0,0,0,104.222
119,48,2,5,2,2,3,3,4,0.888889,0.333333,0.888889,0.665139,0.276083,0,0,0,108.667
119,49,2,1,2,2,3,3,4,0.888889,0.333333,0.888889,0.640331,0.314165,0,0,0,109.556
119,50,2,1,1,2,1,1,2,1,0.555556,1,0.666454,0.337421,0,0,0,110.556
119,51,2,5,1,2,1,2,1,1,0.444444,1,0.619297,0.643433,0,0,0,115.556
119,52,2,5,1,2,1,1,2,0.666667,0.666667,0.666667,0.529204,0.452625,0,0,0,118.889
119,53,2,5,2,2,3,3,4,0.666667,0.888889,0.666667,0.851381,0.290811,0,0,0,122.222
119,54,2,5,1,2,1,1,2,0.777778,0.777778,0.777778,0.656968,0.508016,0,0,0,126.111
119,55,2,1,1,2,1,2,1,0.222222,0.777778,0.222222,0.56228,0.644377,0,0,0,126.333
119,56,2,5,1,1,2,2,1,0.888889,0.888889,0,0.861377,0.287031,0,0,0,130.778
119,57,2,5,2,1,4,3,4,0.777778,0.777778,0,0.384097,0.28518,0,0,0,134.667
119,58,2,1,2,1,4,4,3,0.666667,0.666667,0.111111,0.863324,0.278527,0,0,0,135.333
119,59,2,1,2,1,4,4,3,0.444444,0.444444,0.111111,0.533351,0.459405,0,0,0,135.778
119,60,2,5,1,1,2,1,2,0.888889,0.888889,0.222222,0.892135,0.381034,0,0,0,140.222
119,61,2,5,1,1,2,1,2,0.555556,0.555556,0.333333,0.751477,0.787876,0,0,0,143
119,62,2,5,2,1,4,4,3,0.666667,0.666667,0.333333,0.659545,0.807854,0,0,0,146.333
119,63,2,1,1,1,2,2,1,0.888889,0.888889,0.555556,0.804755,0.676063,0,0,0,147.222
119,64,2,5,2,1,4,3,4,1,1,0.777778,0.66982,0.502183,0,0,0,152.222
119,65,2,5,1,1,2,1,2,0.888889,0.888889,0.444444,0.906776,1.21923,0,0,0,156.667
119,66,2,1,1,1,2,1,2,0.777778,0.777778,0.444444,0.831928,1.30533,0,0,0,157.444
119,67,2,1,2,2,3,3,4,0.666667,0.666667,0.666667,1.07355,0.213137,0,0,0,158.111
119,68,2,5,2,1,4,4,3,0.777778,0.777778,0.777778,0.639322,0.241593,0,0,0,162
119,69,2,1,2,2,3,4,3,0.777778,0.666667,0.777778,0.794405,0.223868,0,0,0,162.778
119,70,3,5,2,2,3,3,4,0.555556,0.666667,0.555556,0.81767,0.572203,0,0,0,165.556
119,71,3,5,2,1,4,3,4,0.777778,0.777778,0.777778,0.350361,0.403053,0,0,0,169.444
119,72,3,5,1,1,2,2,1,0.888889,0.888889,1,0.810549,0.398463,0,0,0,173.889
119,73,3,5,1,1,2,1,2,0.777778,0.777778,0.777778,0.59618,0.291431,0,0,0,177.778
119,74,3,1,2,2,3,3,4,0.888889,0.777778,0.888889,0.833154,0.414655,0,0,0,178.667
119,75,3,5,2,2,3,4,3,0.777778,0.444444,0.777778,0.747242,0.300801,0,0,0,182.556
119,76,3,1,2,1,4,4,3,0.111111,0.111111,0.555556,0.711587,0.677013,0,0,0,182.667
119,77,3,5,2,2,3,3,4,0.666667,0.111111,0.666667,0.808284,0.3151,0,0,0,186
119,78,3,5,1,2,1,2,1,0.555556,0.222222,0.555556,0.887094,0.299476,0,0,0,188.778
119,79,3,1,1,2,1,2,1,0.555556,0.111111,0.555556,1.06971,0.196828,0,0,0,189.333
119,80,3,5,1,2,1,2,1,0.777778,0.333333,0.777778,0.95038,0.39943,0,0,0,193.222
119,81,3,1,1,2,1,2,1,0.444444,0.333333,0.444444,0.759691,1.91046,0,0,0,193.667
119,82,3,1,2,2,3,3,4,0.333333,0.222222,0.333333,0.725854,0.408663,0,0,0,194
119,83,3,5,2,2,3,4,3,0.111111,0.333333,0.111111,0.756882,0.351374,0,0,0,194.556
119,84,3,5,2,1,4,4,3,0.666667,0.666667,0.444444,0.936841,0.401415,0,0,0,197.889
119,85,3,5,2,1,4,3,4,0.777778,0.777778,0.111111,1.15891,0.263122,0,0,0,201.778
119,86,3,5,2,2,3,3,4,0,0.888889,0,0.401208,0.408083,0,0,0,201.778
119,87,3,5,1,1,2,1,2,1,1,0,1.15636,0.439143,0,0,0,206.778
119,88,3,5,2,1,4,4,3,0.888889,0.888889,0.444444,1.16132,0.507002,0,0,0,211.222
119,89,3,5,1,1,2,2,1,0.555556,0.555556,0.333333,0.859335,1.01619,0,0,0,214
119,90,3,1,1,1,2,1,2,0.555556,0.555556,0,0.670725,0.350827,0,0,0,214.556
119,91,3,1,1,1,2,1,2,0.888889,0.888889,0.111111,0.656268,0.297594,0,0,0,215.444
119,92,3,1,1,1,2,1,2,0.888889,0.888889,0.222222,0.793914,0.409205,0,0,0,216.333
119,93,3,1,1,1,2,2,1,0.888889,0.888889,0,0.678696,0.442434,0,0,0,217.222
119,94,3,1,1,1,2,1,2,0.777778,0.777778,0,0.63563,0.638256,0,0,0,218
119,95,3,1,2,2,3,4,3,0.111111,0.777778,0.111111,0.975484,0.243319,0,0,0,218.111
119,96,3,1,1,1,2,1,2,0.888889,0.888889,0,0.86135,0.712681,0,0,0,219
119,97,3,5,2,1,4,3,4,0.777778,0.777778,0.111111,1.21434,0.435348,0,0,0,222.889
119,98,3,5,1,1,2,1,2,0.666667,0.666667,0.444444,0.874769,1.26435,0,0,0,226.222
119,99,3,1,2,2,3,4,3,0.333333,0.777778,0.333333,0.92611,0.45344,0,0,0,226.556
119,100,3,1,2,1,4,4,3,0.777778,0.777778,0.111111,0.906488,0.213599,0,0,0,227.333
119,101,3,5,1,1,2,2,1,1,1,0.555556,0.692636,0.743225,0,0,0,232.333
119,102,3,1,2,1,4,3,4,0.777778,0.777778,0.666667,1.1949,0.769478,0,0,0,233.111
119,103,3,1,2,1,4,3,4,0.777778,0.777778,0.555556,0.744559,1.13927,0,0,0,233.889
119,104,3,5,1,1,2,2,1,0.777778,0.777778,0.333333,1.02022,0.862698,0,0,0,237.778
119,105,4,5,1,1,2,1,2,0.444444,0.444444,0.444444,1.16811,0.481412,0,0,0,240
119,106,4,5,2,2,3,4,3,0.111111,0.111111,0.111111,1.6127,0.414732,0,0,0,240.556
119,107,4,1,2,1,4,3,4,0.333333,0.333333,0.111111,1.32622,1.39924,0,0,0,240.889
119,108,4,1,2,1,4,3,4,0.333333,0.333333,0.111111,1.16868,0.6542,0,0,0,241.222
119,109,4,1,2,2,3,4,3,0.555556,0.333333,0.555556,0.76809,0.321024,0,0,0,241.778
119,110,4,1,1,2,1,2,1,0.777778,0.666667,0.777778,1.0744,0.506993,0,0,0,242.556
119,111,4,1,1,1,2,1,2,0.555556,0.555556,0.777778,1.16528,0.387715,0,0,0,243.111
119,112,4,5,2,2,3,4,3,0.777778,0.777778,0.777778,0.804845,0.447623,0,0,0,247
119,113,4,1,1,2,1,2,1,0.555556,0.888889,0.555556,0.848333,0.355333,0,0,0,247.556
119,114,4,5,1,2,1,2,1,0.444444,0.777778,0.444444,0.814133,0.494612,0,0,0,249.778
119,115,4,5,2,2,3,3,4,0.444444,0.777778,0.444444,1.09493,0.516435,0,0,0,252
119,116,4,5,1,1,2,2,1,0.777778,0.777778,0.444444,0.816563,0.982617,0,0,0,255.889
119,117,4,1,1,1,2,2,1,0,0.555556,0.333333,1.06596,-1,0,1,1,255.889
119,118,4,1,1,1,2,1,2,0.555556,0.555556,0.777778,0.764642,1.87738,0,0,0,256.444
119,119,4,5,1,1,2,2,1,0.555556,0.555556,0.777778,0.783353,0.462086,0,0,0,259.222
119,120,4,5,2,2,3,4,3,0.555556,0.444444,0.555556,1.10965,0.381416,0,0,0,262
119,121,4,5,2,1,4,3,4,0.111111,0.111111,0.333333,0.823891,0.715455,0,0,0,262.556
119,122,4,5,2,2,3,4,3,0,0.111111,0,1.03326,0.183248,0,0,0,262.556
119,123,4,1,1,1,2,2,1,0.333333,0.333333,0.333333,1.16431,0.346131,0,0,0,262.889
119,124,4,5,2,1,4,4,3,0.222222,0.222222,0.222222,0.983786,1.142,0,0,0,264
119,125,4,5,2,0,-1,4,3,0,0.111111,0,-1,-1,1,0,1,264
119,126,4,1,1,2,1,1,2,0.111111,0.777778,0.111111,1.02333,0.233712,0,0,0,264.111
119,127,4,5,2,2,3,3,4,0.333333,0.666667,0.333333,0.756466,0.382566,0,0,0,265.778
119,128,4,5,1,2,1,1,2,0.444444,0.555556,0.444444,0.853212,0.191235,0,0,0,268
119,129,4,1,1,1,2,1,2,0.777778,0.777778,0.666667,0.955532,0.456326,0,0,0,268.778
119,130,4,5,1,1,2,2,1,0.888889,0.888889,0.444444,0.541538,0.648913,0,0,0,273.222
119,131,4,1,1,1,2,1,2,0.888889,0.888889,0.444444,0.605526,0.399144,0,0,0,274.111
119,132,4,5,1,1,2,1,2,0.777778,0.777778,0.555556,0.599063,0.558441,0,0,0,278
119,133,4,5,2,2,3,3,4,0.222222,0.888889,0.222222,0.793389,0.331249,0,0,0,279.111
119,134,4,5,2,1,4,3,4,0.888889,0.888889,0.333333,0.92191,0.140733,0,0,0,283.556
119,135,4,1,1,1,2,2,1,0.666667,0.666667,0.333333,0.627234,0.297263,0,0,0,284.222
119,136,4,1,1,1,2,2,1,0.444444,0.444444,0.888889,0.941261,0.778112,0,0,0,284.667
119,137,4,1,1,1,2,1,2,0.444444,0.444444,0.555556,0.495611,0.592151,0,0,0,285.111
119,138,4,1,1,2,1,2,1,0.666667,0.333333,0.666667,0.809313,0.557839,0,0,0,285.778
119,139,4,1,1,2,1,2,1,0.555556,0.222222,0.555556,0.94224,0.34017,0,0,0,286.333
121,0,1,5,2,1,4,4,3,0.888889,0.888889,0,0.675335,0.545626,0,0,0,4.44444
121,1,1,5,2,1,4,4,3,0.888889,0.888889,0.111111,1.70536,0.694412,0,0,0,8.88889
121,2,1,5,1,0,-1,2,1,0,0.888889,0.222222,-1,-1,1,0,1,8.88889
121,3,1,1,2,1,4,3,4,0.777778,0.777778,0.666667,0.820318,0.515011,0,0,0,9.66667
121,4,1,5,2,1,4,4,3,0.444444,0.444444,0.555556,0.713,0.25291,0,0,0,11.8889
121,5,1,5,2,2,3,3,4,0.444444,0.222222,0.444444,0.858492,0.5189,0,0,0,14.1111
121,6,1,1,2,1,4,4,3,0.444444,0.444444,0.222222,0.629894,0.508263,0,0,0,14.5556
121,7,1,1,2,2,3,4,3,0.444444,0.666667,0.444444,0.844214,0.375359,0,0,0,15
121,8,1,5,1,2,1,1,2,0.111111,0.444444,0.111111,1.20617,0.534359,0,0,0,15.5556
121,9,1,1,2,2,3,4,3,0,0.555556,0.333333,0.704089,-1,0,1,1,15.5556
121,10,1,1,2,1,4,3,4,0.888889,0.888889,0.333333,0.853482,0.44883,0,0,0,16.4444
121,11,1,1,1,1,2,2,1,0.777778,0.777778,0.111111,1.01345,0.473582,0,0,0,17.2222
121,12,1,5,1,2,1,1,2,0.111111,0.888889,0.111111,1.06803,0.373733,0,0,0,17.7778
121,13,1,1,2,1,4,4,3,0.555556,0.555556,0.111111,0.520761,0.408443,0,0,0,18.3333
121,14,1,5,1,2,1,2,1,0,0.444444,0,0.877136,0.432679,0,0,0,18.3333
121,15,1,5,2,1,4,3,4,0.222222,0.222222,0.222222,0.662564,0.415566,0,0,0,19.4444
121,16,1,5,1,1,2,2,1,0.111111,0.111111,0.333333,0.401415,0.425796,0,0,0,20
121,17,1,5,2,2,3,3,4,0.666667,0,0.666667,0.626121,0.461507,0,0,0,23.3333
121,18,1,5,1,2,1,2,1,0.555556,0,0.555556,0.96523,0.312116,0,0,0,26.1111
121,19,1,1,1,1,2,2,1,0.111111,0.111111,1,0.566587,0.887874,0,0,0,26.2222
121,20,1,5,1,1,2,2,1,0,0,1,0.975019,0.38285,0,0,0,26.2222
121,21,1,5,2,1,4,3,4,0.333333,0.333333,0.666667,0.535082,0.313585,0,0,0,27.8889
121,22,1,5,1,1,2,2,1,0.333333,0.333333,0.555556,0.977967,0.517792,0,0,0,29.5556
121,23,1,5,1,1,2,1,2,0.222222,0.222222,0.888889,0.738829,0.224895,0,0,0,30.6667
121,24,1,1,1,1,2,2,1,0.111111,0.111111,0.888889,0.652131,0.363885,0,0,0,30.7778
121,25,1,1,2,2,3,4,3,0.777778,0.111111,0.777778,0.624943,0.355286,0,0,0,31.5556
121,26,1,5,2,2,3,3,4,0.666667,0,0.666667,0.919958,0.375661,0,0,0,34.8889
121,27,1,1,1,2,1,1,2,0.555556,0.222222,0.555556,0.956855,0.258368,0,0,0,35.4444
121,28,1,5,1,2,1,1,2,0.555556,0.555556,0.555556,1.46069,0.498933,0,0,0,38.2222
121,29,1,1,1,2,1,1,2,0.777778,1,0.777778,1.2604,1.24086,0,0,0,39
121,30,1,5,1,2,1,1,2,0.888889,0.777778,0.888889,0.953311,0.701192,0,0,0,43.4444
121,31,1,5,1,2,1,2,1,0.555556,1,0.555556,0.641442,0.507152,0,0,0,46.2222
121,32,1,5,1,2,1,2,1,0.555556,0.555556,0.555556,0.643943,0.461609,0,0,0,49
121,33,1,1,2,2,3,3,4,0.666667,0.555556,0.666667,0.907308,0.311188,0,0,0,49.6667
121,34,1,5,2,2,3,3,4,0.888889,0.444444,0.888889,1.0814,0.256652,0,0,0,54.1111
121,35,2,1,1,2,1,2,1,0.666667,0.333333,0.666667,0.936337,0.207046,0,0,0,54.7778
121,36,2,5,1,2,1,2,1,0.777778,0.555556,0.777778,0.728211,0.316551,0,0,0,58.6667
121,37,2,5,1,2,1,1,2,0.777778,0.111111,0.777778,0.645233,1.14252,0,0,0,62.5556
121,38,2,5,2,2,3,4,3,0,0.333333,0.555556,0.821166,-1,0,1,1,62.5556
121,39,2,1,1,1,2,1,2,0.444444,0.444444,0.444444,0.934094,1.16129,0,0,0,63
121,40,2,1,1,1,2,2,1,0.444444,0.444444,0.111111,0.942747,0.235094,0,0,0,63.4444
121,41,2,1,1,2,1,2,1,0.333333,0.777778,0.333333,0.690115,0.353065,0,0,0,63.7778
121,42,2,5,2,2,3,4,3,0.111111,0.888889,0.111111,0.707156,0.25399,0,0,0,64.3333
121,43,2,1,1,2,1,1,2,0,1,0,0.565716,0.283083,0,0,0,64.3333
121,44,2,5,1,1,2,1,2,0.888889,0.888889,0.111111,0.507886,0.251336,0,0,0,68.7778
121,45,2,5,1,1,2,1,2,1,1,0,1.00715,0.203283,0,0,0,73.7778
121,46,2,5,2,1,4,3,4,0.666667,0.666667,0.444444,1.0887,0.211982,0,0,0,77.1111
121,47,2,5,2,1,4,3,4,1,1,0.444444,0.401263,0.40908,0,0,0,82.1111
121,48,2,5,2,1,4,3,4,1,1,0.111111,0.439617,0.771653,0,0,0,87.1111
121,49,2,5,1,2,1,2,1,0,1,0,1.09656,0.293394,0,0,0,87.1111
121,50,2,1,1,1,2,2,1,0.444444,0.444444,0.111111,0.771011,0.379477,0,0,0,87.5556
121,51,2,1,1,1,2,1,2,0.666667,0.666667,0.222222,0.768083,0.232309,0,0,0,88.2222
121,52,2,5,2,1,4,4,3,0.888889,0.888889,0.111111,0.601331,0.819135,0,0,0,92.6667
121,53,2,1,2,1,4,4,3,0.777778,0.777778,0.444444,0.627032,0.176874,0,0,0,93.4444
121,54,2,5,1,2,1,2,1,0.222222,0.555556,0.222222,0.455486,0.547681,0,0,0,94.5556
121,55,2,5,1,1,2,2,1,0.666667,0.666667,0.111111,0.432627,0.467019,0,0,0,97.8889
121,56,2,5,2,1,4,3,4,0.666667,0.666667,0.666667,1.3341,0.723445,0,0,0,101.222
121,57,2,1,2,1,4,4,3,0,0.888889,0.888889,0.52843,-1,0,1,1,101.222
121,58,2,5,2,1,4,3,4,0.888889,0.888889,0.888889,0.530873,0.225202,0,0,0,105.667
121,59,2,1,1,1,2,2,1,0.666667,0.666667,0.888889,0.638153,0.525934,0,0,0,106.333
121,60,2,5,1,2,1,2,1,1,0.555556,1,0.642627,0.401369,0,0,0,111.333
121,61,2,5,1,2,1,1,2,0.888889,0.222222,0.888889,0.556122,0.596828,0,0,0,115.778
121,62,2,1,2,1,4,4,3,0,0,1,0.56619,0.401335,0,0,0,115.778
121,63,2,1,1,2,1,2,1,0.888889,0.111111,0.888889,0.573507,0.774327,0,0,0,116.667
121,64,2,1,2,1,4,4,3,0.111111,0.111111,0.444444,0.477807,0.464823,0,0,0,116.778
121,65,2,1,2,1,4,3,4,0.111111,0.111111,0.333333,1.30585,0.193764,0,0,0,116.889
121,66,2,1,1,1,2,2,1,0,0,0.555556,0.544246,0.440465,0,0,0,116.889
121,67,2,1,2,2,3,3,4,0.666667,0.111111,0.666667,0.43406,0.525636,0,0,0,117.556
121,68,2,1,2,1,4,4,3,0.222222,0.222222,0.666667,0.500624,0.179449,0,0,0,117.778
121,69,2,5,1,1,2,1,2,0.555556,0.555556,0.666667,0.452179,0.38216,0,0,0,120.556
121,70,3,5,2,1,4,3,4,0.333333,0.333333,0.777778,0.525423,0.240279,0,0,0,122.222
121,71,3,5,1,1,2,2,1,0.333333,0.333333,0.888889,0.487948,0.392601,0,0,0,123.889
121,72,3,1,2,1,4,3,4,0.444444,0.444444,0.888889,0.568502,0.116913,0,0,0,124.333
121,73,3,1,1,1,2,2,1,0.555556,0.555556,0.777778,0.398439,0.66385,0,0,0,124.889
121,74,3,5,2,1,4,4,3,0.222222,0.222222,0.666667,0.447811,1.078,0,0,0,126
121,75,3,1,2,1,4,3,4,0.222222,0.222222,0.444444,0.583527,0.452813,0,0,0,126.222
121,76,3,1,1,1,2,2,1,0.333333,0.333333,0.333333,0.295269,0.390196,0,0,0,126.556
121,77,3,5,1,2,1,1,2,0.111111,0.111111,0.111111,0.637796,0.0240998,0,0,0,127.111
121,78,3,1,2,2,3,4,3,0.333333,0,0.333333,0.427247,0.451985,0,0,0,127.444
121,79,3,1,2,2,3,3,4,0.333333,0.111111,0.333333,0.422055,0.369224,0,0,0,127.778
121,80,3,5,2,1,4,4,3,0,0,0.666667,0.468094,0.651249,0,0,0,127.778
121,81,3,5,1,2,1,2,1,1,0,1,0.939698,0.232966,0,0,0,132.778
121,82,3,1,1,2,1,1,2,1,0.222222,1,0.632347,0.646231,0,0,0,133.778
121,83,3,5,1,2,1,1,2,0.888889,0,0.888889,0.38711,0.230222,0,0,0,138.222
121,84,3,5,1,2,1,1,2,0.777778,0.222222,0.777778,0.366333,0.661566,0,0,0,142.111
121,85,3,5,1,2,1,1,2,0.888889,0.111111,0.888889,0.513195,1.47897,0,0,0,146.556
121,86,3,1,1,1,2,2,1,0.333333,0.333333,0.444444,1.09273,0.602807,0,0,0,146.889
121,87,3,5,1,2,1,2,1,0.777778,0.111111,0.777778,0.565671,0.461181,0,0,0,150.778
121,88,3,5,2,1,4,4,3,0.111111,0.111111,0.555556,0.510362,0.96555,0,0,0,151.333
121,89,3,5,2,2,3,4,3,0.666667,0.333333,0.666667,0.784504,0.368205,0,0,0,154.667
121,90,3,1,1,1,2,2,1,0,0.222222,0.333333,0.654418,-1,0,1,1,154.667
121,91,3,5,1,2,1,1,2,0.333333,0.111111,0.333333,0.682375,0.199226,0,0,0,156.333
121,92,3,5,2,1,4,3,4,0.111111,0.111111,0,0.337887,0.117881,0,0,0,156.889
121,93,3,1,1,1,2,2,1,0.111111,0.111111,0.222222,0.277246,0.233234,0,0,0,157
121,94,3,1,1,2,1,2,1,0,0.444444,0,0.313616,0.516053,0,0,0,157
121,95,3,5,2,1,4,3,4,0.333333,0.333333,0.111111,0.404136,0.208039,0,0,0,158.667
121,96,3,5,1,2,1,1,2,0.111111,0.222222,0.111111,1.0257,0.321963,0,0,0,159.222
121,97,3,5,1,1,2,1,2,0.222222,0.222222,0.222222,0.752943,0.207878,0,0,0,160.333
121,98,3,5,1,2,1,2,1,0.222222,0.222222,0.222222,0.886678,0.212186,0,0,0,161.444
121,99,3,1,2,2,3,3,4,0,0.222222,0.222222,0.388497,-1,0,1,1,161.444
121,100,3,5,1,2,1,2,1,0.111111,0.555556,0.111111,0.703107,0.218667,0,0,0,162
121,101,3,1,1,2,1,1,2,0,0.777778,0,0.259559,0.382921,0,0,0,162
121,102,3,1,2,1,4,3,4,0.666667,0.666667,0.444444,0.321004,0.240672,0,0,0,162.667
121,103,3,5,2,1,4,3,4,0.888889,0.888889,0.444444,0.743942,0.202713,0,0,0,167.111
121,104,3,1,1,2,1,1,2,0.555556,0.888889,0.555556,0.532069,0.575954,0,0,0,167.667
121,105,4,1,1,2,1,1,2,0.666667,0.888889,0.666667,0.547612,0.498747,0,0,0,168.333
121,106,4,5,1,1,2,1,2,1,1,0.777778,0.349264,0.445539,0,0,0,173.333
121,107,4,5,2,1,4,4,3,0.888889,0.888889,0.777778,0.474989,0.486405,0,0,0,177.778
121,108,4,5,2,1,4,4,3,0.555556,0.555556,0.555556,0.650569,0.572875,0,0,0,180.556
121,109,4,1,1,2,1,2,1,0.666667,0.555556,0.666667,0.338657,0.434102,0,0,0,181.222
121,110,4,5,1,2,1,1,2,0.555556,0.777778,0.555556,0.729818,1.0939,0,0,0,184
121,111,4,1,2,2,3,3,4,0,1,0.444444,1.06632,-1,0,1,1,184
121,112,4,5,2,1,4,4,3,0.555556,0.555556,0.444444,0.856033,0.311983,0,0,0,186.778
121,113,4,5,2,1,4,3,4,0.555556,0.555556,0.444444,0.386705,0.246838,0,0,0,189.556
121,114,4,5,1,2,1,1,2,0.222222,0.444444,0.222222,0.500707,0.602936,0,0,0,190.667
121,115,4,5,1,2,1,2,1,0,0.666667,0,0.533998,0.353329,0,0,0,190.667
121,116,4,5,1,1,2,2,1,0.888889,0.888889,0.111111,0.65615,0.173709,0,0,0,195.111
121,117,4,5,1,1,2,2,1,0.555556,0.555556,0.333333,0.715476,0.387102,0,0,0,197.889
121,118,4,1,1,2,1,1,2,0.666667,0.555556,0.666667,0.543394,0.676559,0,0,0,198.556
121,119,4,5,2,1,4,3,4,0.555556,0.555556,0.666667,0.605039,0.244242,0,0,0,201.333
121,120,4,1,2,1,4,4,3,0.444444,0.444444,0.777778,0.354381,0.440736,0,0,0,201.778
121,121,4,1,2,1,4,4,3,0.666667,0.666667,0.888889,0.656571,0.430214,0,0,0,202.444
121,122,4,1,1,2,1,2,1,0.777778,0.555556,0.777778,0.551634,0.6109,0,0,0,203.222
121,123,4,5,1,1,2,2,1,0.666667,0.666667,0.777778,0.504667,1.26228,0,0,0,206.556
121,124,4,1,2,1,4,4,3,0,0.555556,0.777778,0.546155,-1,0,1,1,206.556
121,125,4,5,1,1,2,2,1,0.444444,0.444444,1,0.402339,0.358612,0,0,0,208.778
121,126,4,5,1,1,2,1,2,0.555556,0.555556,0.888889,0.458613,0.182664,0,0,0,211.556
121,127,4,1,1,1,2,2,1,0.555556,0.555556,0.888889,0.355317,0.412948,0,0,0,212.111
121,128,4,1,2,1,4,3,4,0.777778,0.777778,0.888889,0.750911,0.64239,0,0,0,212.889
121,129,4,1,1,2,1,1,2,0.888889,0.666667,0.888889,0.32474,0.67532,0,0,0,213.778
121,130,4,5,1,1,2,1,2,0.222222,0.222222,0.777778,0.461267,0.695616,0,0,0,214.889
121,131,4,1,2,2,3,3,4,0.666667,0.333333,0.666667,0.465836,0.681072,0,0,0,215.556
121,132,4,1,2,1,4,4,3,0.333333,0.333333,1,0.456156,0.43847,0,0,0,215.889
121,133,4,5,1,1,2,2,1,0.444444,0.444444,0.555556,0.448181,0.268407,0,0,0,218.111
121,134,4,5,2,1,4,4,3,0.444444,0.444444,0.666667,0.393558,0.21377,0,0,0,220.333
121,135,4,5,1,2,1,1,2,0.555556,0,0.555556,0.626126,0.303823,0,0,0,223.111
121,136,4,5,2,2,3,4,3,0.111111,0.222222,0.111111,0.591357,1.75856,0,0,0,223.667
121,137,4,1,1,1,2,2,1,0,0,0.333333,0.365134,0.0340557,0,0,0,223.667
121,138,4,1,2,2,3,3,4,0.111111,0.222222,0.111111,0.584254,0.180107,0,0,0,223.778
121,139,4,1,1,2,1,2,1,0.555556,0,0.555556,0.539957,0.530678,0,0,0,224.333
123,0,1,5,1,1,2,1,2,0.777778,0.777778,0.111111,0.390331,0.567472,0,0,0,3.88889
123,1,1,1,1,1,2,2,1,0.777778,0.777778,0.111111,0.434779,0.4321,0,0,0,4.66667
123,2,1,5,1,1,2,1,2,0.888889,0.888889,0.111111,0.481044,0.283608,0,0,0,9.11111
123,3,1,5,1,1,2,2,1,0.666667,0.666667,0.222222,0.522321,0.229172,0,0,0,12.4444
123,4,1,1,1,2,1,1,2,0.444444,0.666667,0.444444,0.538858,0.442798,0,0,0,12.8889
123,5,1,5,1,1,2,1,2,0.555556,0.555556,0.111111,0.533561,0.324539,0,0,0,15.6667
123,6,1,1,1,2,1,2,1,0.111111,0.666667,0.111111,0.411297,0.237524,0,0,0,15.7778
123,7,1,1,2,1,4,4,3,0.666667,0.666667,0,0.493657,0.285617,0,0,0,16.4444
123,8,1,1,2,1,4,4,3,0.666667,0.666667,0.222222,0.368561,0.380383,0,0,0,17.1111
123,9,1,5,2,1,4,3,4,0.222222,0.222222,0.333333,0.557361,0.529194,0,0,0,18.2222
123,10,1,1,1,2,1,1,2,0.333333,0.111111,0.333333,0.896684,0.527695,0,0,0,18.5556
123,11,1,5,2,1,4,3,4,0.111111,0.111111,0.111111,0.291604,0.21024,0,0,0,19.1111
123,12,1,1,2,2,3,4,3,0,0.111111,0,0.334027,0.346629,0,0,0,19.1111
123,13,1,1,2,1,4,4,3,0.111111,0.111111,0,0.346455,0.281384,0,0,0,19.2222
123,14,1,5,2,2,3,4,3,0,0,0,0.432593,0.352648,0,0,0,19.2222
123,15,1,1,1,2,1,1,2,0.111111,0.333333,0.111111,0.268022,0.349302,0,0,0,19.3333
123,16,1,5,2,1,4,4,3,0.333333,0.333333,0,0.38331,0.366507,0,0,0,21
123,17,1,1,1,1,2,2,1,0.111111,0.111111,0.333333,0.604716,0.249884,0,0,0,21.1111
123,18,1,1,1,2,1,1,2,0.222222,0.111111,0.222222,0.74819,0.212512,0,0,0,21.3333
123,19,1,5,2,2,3,3,4,0.666667,0,0.666667,0.700537,0.229019,0,0,0,24.6667
123,20,1,5,1,2,1,1,2,0.777778,0.333333,0.777778,0.408775,0.230296,0,0,0,28.5556
123,21,1,1,1,2,1,1,2,0.666667,0.333333,0.666667,0.314907,0.249418,0,0,0,29.2222
123,22,1,5,2,2,3,3,4,0.111111,0,0.111111,0.342937,0.462448,0,0,0,29.7778
123,23,1,1,1,2,1,2,1,0.333333,0.222222,0.333333,0.247606,0.262597,0,0,0,30.1111
123,24,1,5,2,2,3,3,4,0.444444,0,0.444444,0.367857,0.206228,0,0,0,32.3333
123,25,1,5,1,2,1,2,1,0.666667,0.111111,0.666667,0.832739,0.248584,0,0,0,35.6667
123,26,1,5,1,2,1,1,2,0.333333,0.444444,0.333333,0.428694,0.234513,0,0,0,37.3333
123,27,1,1,1,2,1,2,1,0.444444,0.444444,0.444444,0.658507,0.247997,0,0,0,37.7778
123,28,1,1,1,1,2,2,1,0.333333,0.333333,0.555556,0.723244,0.438703,0,0,0,38.1111
123,29,1,5,1,1,2,1,2,0.333333,0.333333,0.777778,0.46653,0.190079,0,0,0,39.7778
123,30,1,5,2,2,3,4,3,0.222222,0.444444,0.222222,0.930966,0.40551,0,0,0,40.8889
123,31,1,5,2,1,4,4,3,0.333333,0.333333,0.111111,0.480623,0.219827,0,0,0,42.5556
123,32,1,1,2,1,4,3,4,0.555556,0.555556,0.222222,0.303933,0.231257,0,0,0,43.1111
123,33,1,1,2,1,4,3,4,0.333333,0.333333,0.333333,0.349762,0.452658,0,0,0,43.4444
123,34,1,1,2,1,4,4,3,0.222222,0.222222,0.222222,0.384622,0.291744,0,0,0,43.6667
123,35,2,1,2,1,4,4,3,0.555556,0.555556,0.111111,0.405787,0.895583,0,0,0,44.2222
123,36,2,1,1,1,2,2,1,0.888889,0.888889,0.444444,0.742871,0.305319,0,0,0,45.1111
123,37,2,1,2,2,3,4,3,0.555556,0.777778,0.555556,0.392817,0.252337,0,0,0,45.6667
123,38,2,1,1,2,1,2,1,0.666667,0.888889,0.666667,0.79349,0.250774,0,0,0,46.3333
123,39,2,5,1,2,1,2,1,0.888889,0.777778,0.888889,0.547341,0.24377,0,0,0,50.7778
123,40,2,1,1,2,1,1,2,1,0.888889,1,0.269432,0.281389,0,0,0,51.7778
123,41,2,5,2,2,3,3,4,1,0.888889,1,0.606932,0.253808,0,0,0,56.7778
123,42,2,5,1,2,1,2,1,0.888889,1,0.888889,0.868279,0.245844,0,0,0,61.2222
123,43,2,1,1,2,1,1,2,0.888889,0.888889,0.888889,0.26785,0.248865,0,0,0,62.1111
123,44,2,5,1,2,1,1,2,0.777778,0.888889,0.777778,0.876309,0.231956,0,0,0,66
123,45,2,1,2,1,4,3,4,0.888889,0.888889,0.888889,0.305304,0.188343,0,0,0,66.8889
123,46,2,5,1,1,2,1,2,0.666667,0.666667,0.666667,0.736093,0.292773,0,0,0,70.2222
123,47,2,1,1,1,2,2,1,1,1,0.777778,0.289337,0.211483,0,0,0,71.2222
123,48,2,1,2,1,4,4,3,0.666667,0.666667,0.888889,0.407047,0.289836,0,0,0,71.8889
123,49,2,1,1,1,2,1,2,0.555556,0.555556,1,0.699731,0.437898,0,0,0,72.4444
123,50,2,1,2,2,3,3,4,0.666667,0.888889,0.666667,0.492896,0.379245,0,0,0,73.1111
123,51,2,1,2,2,3,3,4,0.777778,0.777778,0.777778,0.383551,1.04544,0,0,0,73.8889
123,52,2,1,1,2,1,1,2,0.777778,0.777778,0.777778,0.570126,0.400885,0,0,0,74.6667
123,53,2,1,2,1,4,4,3,0.555556,0.555556,0.777778,0.758185,0.601098,0,0,0,75.2222
123,54,2,1,2,2,3,4,3,0.777778,0.333333,0.777778,0.636122,0.627173,0,0,0,76
123,55,2,1,1,2,1,1,2,0.777778,0.333333,0.777778,0.721818,0.386413,0,0,0,76.7778
123,56,2,5,2,2,3,3,4,0.666667,0.555556,0.666667,0.490152,0.593455,0,0,0,80.1111
123,57,2,5,1,2,1,2,1,0.888889,0.666667,0.888889,0.433469,0.200457,0,0,0,84.5556
123,58,2,5,2,2,3,4,3,0.444444,0.888889,0.444444,0.685075,1.94391,0,0,0,86.7778
123,59,2,5,2,1,4,4,3,0.555556,0.555556,0.333333,0.518899,0.444296,0,0,0,89.5556
123,60,2,5,1,1,2,1,2,0.444444,0.444444,0.444444,0.281045,0.2392,0,0,0,91.7778
123,61,2,5,1,1,2,2,1,0.444444,0.444444,0.444444,0.454035,0.226338,0,0,0,94
123,62,2,5,2,2,3,4,3,0.555556,0.333333,0.555556,0.612119,0.556532,0,0,0,96.7778
123,63,2,1,2,1,4,4,3,0.333333,0.333333,0.888889,0.284351,0.230379,0,0,0,97.1111
123,64,2,1,2,2,3,3,4,1,0.222222,1,0.578794,1.23345,0,0,0,98.1111
123,65,2,1,2,2,3,3,4,0.888889,0,0.888889,0.421708,0.670847,0,0,0,99
123,66,2,1,1,1,2,2,1,0.222222,0.222222,1,0.342067,0.360839,0,0,0,99.2222
123,67,2,5,1,2,1,1,2,0.888889,0.333333,0.888889,1.04595,0.781679,0,0,0,103.667
123,68,2,5,1,2,1,2,1,0.777778,0.333333,0.777778,0.637147,0.478494,0,0,0,107.556
123,69,2,1,2,2,3,3,4,0.888889,0.333333,0.888889,0.419099,0.247102,0,0,0,108.444
123,70,3,1,1,2,1,2,1,0.888889,0.444444,0.888889,0.248358,0.413586,0,0,0,109.333
123,71,3,1,1,1,2,1,2,0,0,0.888889,0.761012,0.479263,0,0,0,109.333
123,72,3,1,1,2,1,1,2,0.666667,0.444444,0.666667,0.414631,0.217904,0,0,0,110
123,73,3,5,1,2,1,2,1,0.666667,1,0.666667,0.604856,0.537746,0,0,0,113.333
123,74,3,5,2,2,3,4,3,0.888889,0.555556,0.888889,0.65983,0.236541,0,0,0,117.778
123,75,3,5,2,1,4,3,4,0.333333,0.333333,0.888889,0.459822,0.244509,0,0,0,119.444
123,76,3,5,2,2,3,3,4,0.666667,0,0.666667,0.558666,0.480781,0,0,0,122.778
123,77,3,1,1,2,1,1,2,0.888889,0.111111,0.888889,0.427184,0.542979,0,0,0,123.667
123,78,3,1,2,2,3,4,3,0.888889,0.222222,0.888889,0.732083,0.487827,0,0,0,124.556
123,79,3,5,1,1,2,1,2,0,0,0.777778,0.508615,0.202224,0,0,0,124.556
123,80,3,5,2,2,3,4,3,0.666667,0.444444,0.666667,0.406349,0.0541792,0,0,0,127.889
123,81,3,1,2,1,4,3,4,0.555556,0.555556,0.888889,0.302057,0.179046,0,0,0,128.444
123,82,3,5,2,1,4,3,4,0.333333,0.333333,0.555556,0.390799,0.210941,0,0,0,130.111
123,83,3,5,1,2,1,2,1,0.777778,0.666667,0.777778,0.892089,0.195021,0,0,0,134
123,84,3,1,2,2,3,3,4,0.888889,0.333333,0.888889,0.512047,0.326899,0,0,0,134.889
123,85,3,5,1,2,1,2,1,0.888889,0.333333,0.888889,0.867518,0.117236,0,0,0,139.333
123,86,3,5,1,2,1,2,1,1,0.666667,1,0.421485,0.356792,0,0,0,144.333
123,87,3,1,1,1,2,1,2,0.777778,0.777778,0.777778,0.316563,0.283136,0,0,0,145.111
123,88,3,1,2,1,4,4,3,0.777778,0.777778,1,0.3854,0.300257,0,0,0,145.889
123,89,3,5,1,1,2,1,2,0.666667,0.666667,0.666667,0.754578,1.29217,0,0,0,149.222
123,90,3,1,2,1,4,4,3,0.555556,0.555556,0.777778,0.391016,0.274933,0,0,0,149.778
123,91,3,5,1,2,1,1,2,0.777778,0.444444,0.777778,0.83079,0.363454,0,0,0,153.667
123,92,3,1,1,2,1,2,1,1,0.444444,1,0.454114,0.399511,0,0,0,154.667
123,93,3,1,1,2,1,2,1,0.444444,0.666667,0.444444,0.561327,0.387252,0,0,0,155.111
123,94,3,1,1,1,2,1,2,1,1,0.444444,0.88033,0.477769,0,0,0,156.111
123,95,3,5,2,1,4,3,4,0.777778,0.777778,0.222222,0.333355,0.214594,0,0,0,160
123,96,3,1,1,1,2,2,1,0.666667,0.666667,0.333333,0.760989,0.385367,0,0,0,160.667
123,97,3,5,2,2,3,3,4,0.666667,0.555556,0.666667,0.574715,0.0762179,0,0,0,164
123,98,3,1,2,1,4,4,3,0.888889,0.888889,0.444444,0.431143,0.17915,0,0,0,164.889
123,99,3,1,1,1,2,1,2,0.777778,0.777778,0.444444,0.422239,0.186897,0,0,0,165.667
123,100,3,1,2,2,3,4,3,0.222222,0.444444,0.222222,0.292928,0.210622,0,0,0,165.889
123,101,3,5,1,1,2,2,1,0.222222,0.222222,0,0.932191,0.53306,0,0,0,167
123,102,3,5,2,2,3,3,4,0,0,0,0.631205,0.237921,0,0,0,167
123,103,3,1,1,1,2,1,2,0.111111,0.111111,0.222222,0.404545,0.34305,0,0,0,167.111
123,104,3,1,2,1,4,4,3,0.111111,0.111111,0,0.357038,0.388635,0,0,0,167.222
123,105,4,5,1,1,2,2,1,0,0,0.222222,0.447391,0.253521,0,0,0,167.222
123,106,4,5,1,2,1,2,1,0.222222,0.333333,0.222222,0.891742,0.187165,0,0,0,168.333
123,107,4,5,1,2,1,1,2,0.111111,0.444444,0.111111,0.715914,0.158602,0,0,0,168.889
123,108,4,5,1,1,2,2,1,0.444444,0.444444,0.333333,0.625271,0.399519,0,0,0,171.111
123,109,4,1,1,1,2,2,1,0.555556,0.555556,0.222222,1.03946,0.581523,0,0,0,171.667
123,110,4,1,1,1,2,1,2,0.777778,0.777778,0.222222,0.558247,0.172846,0,0,0,172.444
123,111,4,5,1,1,2,1,2,0.777778,0.777778,0,0.5418,0.303014,0,0,0,176.333
123,112,4,5,1,1,2,2,1,0.888889,0.888889,0.222222,0.483287,0.242475,0,0,0,180.778
123,113,4,5,1,1,2,2,1,0.888889,0.888889,0.111111,0.442574,0.263409,0,0,0,185.222
123,114,4,1,1,2,1,2,1,0.111111,0.666667,0.111111,0.295095,0.227032,0,0,0,185.333
123,115,4,1,2,1,4,3,4,0.777778,0.777778,0.222222,0.414729,0.295453,0,0,0,186.111
123,116,4,5,2,1,4,4,3,0.888889,0.888889,0.666667,0.40561,0.221346,0,0,0,190.556
123,117,4,5,2,1,4,4,3,0.777778,0.777778,0.888889,0.337696,0.25248,0,0,0,194.444
123,118,4,1,1,1,2,1,2,1,1,0.666667,0.358226,0.292253,0,0,0,195.444
123,119,4,5,2,1,4,3,4,1,1,0.888889,0.451712,0.383634,0,0,0,200.444
123,120,4,1,1,1,2,1,2,0.666667,0.666667,0.888889,0.560163,0.215714,0,0,0,201.111
123,121,4,1,2,1,4,3,4,0.777778,0.777778,0.888889,0.326742,0.611215,0,0,0,201.889
123,122,4,1,1,1,2,1,2,0.333333,0.333333,0.777778,0.649483,0.383013,0,0,0,202.222
123,123,4,5,2,2,3,4,3,0.666667,0.222222,0.666667,0.705745,0.213744,0,0,0,205.556
123,124,4,5,1,2,1,2,1,0.888889,0.222222,0.888889,0.470083,0.237039,0,0,0,210
123,125,4,5,1,2,1,2,1,0.777778,0.222222,0.777778,0.51272,0.373443,0,0,0,213.889
123,126,4,1,1,2,1,1,2,0.666667,0.333333,0.666667,0.4715,0.181983,0,0,0,214.556
123,127,4,5,1,1,2,2,1,0.111111,0.111111,0.666667,0.420279,0.259862,0,0,0,215.111
123,128,4,1,1,2,1,2,1,0.666667,0.222222,0.666667,0.472432,0.196219,0,0,0,215.778
123,129,4,5,2,1,4,4,3,0.222222,0.222222,0.111111,0.486668,0.318734,0,0,0,216.889
123,130,4,5,2,2,3,3,4,0.111111,0.333333,0.111111,0.77793,0.215162,0,0,0,217.444
123,131,4,1,1,1,2,2,1,0.444444,0.444444,0,0.820865,0.523393,0,0,0,217.889
123,132,4,5,1,1,2,2,1,0.666667,0.666667,0.333333,0.41276,0.228755,0,0,0,221.222
123,133,4,5,1,1,2,2,1,0.333333,0.333333,0.666667,0.324347,0.203369,0,0,0,222.889
123,134,4,1,1,1,2,1,2,0.555556,0.555556,0.666667,0.0389262,0.219983,0,0,0,223.444
123,135,4,1,2,2,3,3,4,0.111111,0.666667,0.111111,0.136428,0.209403,0,0,0,223.556
123,136,4,5,2,1,4,3,4,0.777778,0.777778,0.111111,0.254168,0.208679,0,0,0,227.444
123,137,4,5,2,1,4,3,4,0.666667,0.666667,0.111111,0.397014,0.133983,0,0,0,230.778
123,138,4,5,2,2,3,4,3,0.222222,1,0.222222,0.21867,0.000933831,0,0,0,231.889
123,139,4,5,2,1,4,3,4,1,1,0.222222,0.516013,0.255372,0,0,0,236.889
104,0,1,1,2,1,4,4,3,0.222222,0.222222,0.888889,0.503771,1.76944,0,0,0,0.222222
104,1,1,1,1,2,1,1,2,0.777778,0.555556,0.777778,1.03814,0.658821,0,0,0,1
104,2,1,5,1,2,1,2,1,0.888889,0.222222,0.888889,0.870561,0.467394,0,0,0,5.44444
104,3,1,1,2,2,3,3,4,1,0.555556,1,0.917318,0.321013,0,0,0,6.44444
104,4,1,1,2,2,3,4,3,0.777778,0.777778,0.777778,1.41106,0.548477,0,0,0,7.22222
104,5,1,1,1,1,2,1,2,0,0.888889,0.888889,1.45953,-1,0,1,1,7.22222
104,6,1,5,1,0,-1,1,2,0,0.666667,0.888889,-1,-1,1,0,1,7.22222
104,7,1,5,1,2,1,2,1,0.666667,0.777778,0.666667,1.65504,0.538269,0,0,0,10.5556
104,8,1,1,2,1,4,4,3,0.555556,0.555556,0.777778,0.461107,0.964857,0,0,0,11.1111
104,9,1,1,2,2,3,3,4,0.777778,0.444444,0.777778,0.891395,0.587545,0,0,0,11.8889
104,10,1,5,1,2,1,2,1,1,0.333333,1,0.620047,0.352767,0,0,0,16.8889
104,11,1,1,1,2,1,1,2,1,0.333333,1,0.75434,0.319137,0,0,0,17.8889
104,12,1,5,1,2,1,2,1,0.777778,0.111111,0.777778,0.640607,0.472833,0,0,0,21.7778
104,13,1,5,2,2,3,3,4,0.666667,0.555556,0.666667,1.00728,0.431819,0,0,0,25.1111
104,14,1,5,1,2,1,1,2,1,0.222222,1,0.863806,0.850521,0,0,0,30.1111
104,15,1,5,2,2,3,3,4,1,0.666667,1,1.03482,0.533802,0,0,0,35.1111
104,16,1,1,1,2,1,1,2,1,0.777778,1,0.523739,0.46053,0,0,0,36.1111
104,17,1,5,2,2,3,3,4,0.555556,0.555556,0.555556,1.08436,0.390654,0,0,0,38.8889
104,18,1,1,2,2,3,4,3,0.444444,0.888889,0.444444,0.838511,0.49133,0,0,0,39.3333
104,19,1,5,1,1,2,1,2,0.888889,0.888889,0.333333,0.823234,0.413689,0,0,0,43.7778
104,20,1,5,2,1,4,4,3,0.777778,0.777778,0.333333,1.00244,0.327339,0,0,0,47.6667
104,21,1,5,2,1,4,4,3,0.888889,0.888889,0.222222,0.816058,0.459414,0,0,0,52.1111
104,22,1,5,2,1,4,4,3,0.888889,0.888889,0.222222,0.56167,0.667299,0,0,0,56.5556
104,23,1,5,1,1,2,1,2,1,1,0.444444,1.09161,0.417423,0,0,0,61.5556
104,24,1,5,1,1,2,1,2,0.666667,0.666667,0.222222,0.849583,0.361699,0,0,0,64.8889
104,25,1,5,2,1,4,4,3,0.777778,0.777778,0.111111,1.15651,0.67795,0,0,0,68.7778
104,26,1,5,1,2,1,1,2,0,0.777778,0,1.091,0.35089,0,0,0,68.7778
104,27,1,1,1,1,2,2,1,0.888889,0.888889,0.111111,0.894187,0.533371,0,0,0,69.6667
104,28,1,5,2,1,4,3,4,0.888889,0.888889,0.333333,1.30469,0.774201,0,0,0,74.1111
104,29,1,1,2,1,4,4,3,1,1,0.444444,0.885138,0.54458,0,0,0,75.1111
104,30,1,1,2,1,4,3,4,0.888889,0.888889,0.333333,0.962333,0.569042,0,0,0,76
104,31,1,5,1,1,2,1,2,0.888889,0.888889,0.222222,1.17229,0.42572,0,0,0,80.4444
104,32,1,5,1,1,2,2,1,0.888889,0.888889,0.222222,0.899245,0.33132,0,0,0,84.8889
104,33,1,5,1,1,2,2,1,0.888889,0.888889,0,0.752771,0.610857,0,0,0,89.3333
104,34,1,5,1,1,2,2,1,0.888889,0.888889,0.222222,0.99001,0.565605,0,0,0,93.7778
104,35,2,1,1,2,1,1,2,0.111111,0.777778,0.111111,0.502492,0.534057,0,0,0,93.8889
104,36,2,5,2,1,4,3,4,0.888889,0.888889,0,0.490212,0.682636,0,0,0,98.3333
104,37,2,1,1,1,2,1,2,0.777778,0.777778,0.111111,1.38398,0.425183,0,0,0,99.1111
104,38,2,1,2,1,4,3,4,0.555556,0.555556,0.222222,0.864051,0.748487,0,0,0,99.6667
104,39,2,1,1,1,2,1,2,0.777778,0.777778,0.777778,0.660244,0.318688,0,0,0,100.444
104,40,2,5,1,1,2,2,1,0.555556,0.555556,0.666667,0.974437,0.384997,0,0,0,103.222
104,41,2,1,2,2,3,3,4,0.777778,0.222222,0.777778,0.942472,0.427184,0,0,0,104
104,42,2,1,2,2,3,4,3,1,0.444444,1,0.790644,0.37543,0,0,0,105
104,43,2,1,2,2,3,4,3,1,0.888889,1,1.34517,0.41416,0,0,0,106
104,44,2,5,2,2,3,3,4,0.777778,0.888889,0.777778,0.878753,0.358265,0,0,0,109.889
104,45,2,1,1,2,1,2,1,0.888889,0.555556,0.888889,0.994423,0.413021,0,0,0,110.778
104,46,2,1,1,2,1,2,1,0.777778,0.555556,0.777778,0.542541,0.456259,0,0,0,111.556
104,47,2,1,1,2,1,1,2,0.666667,0.555556,0.666667,0.832692,0.713749,0,0,0,112.222
104,48,2,5,2,2,3,4,3,0.666667,0.333333,0.666667,0.796338,0.42937,0,0,0,115.556
104,49,2,5,1,2,1,1,2,0.555556,0.555556,0.555556,0.937164,0.34237,0,0,0,118.333
104,50,2,5,2,1,4,4,3,0.555556,0.555556,0.333333,0.618978,0.485383,0,0,0,121.111
104,51,2,1,2,2,3,3,4,0.222222,0.777778,0.222222,1.13564,0.434694,0,0,0,121.333
104,52,2,1,1,1,2,2,1,0.444444,0.444444,0.444444,0.999037,0.399872,0,0,0,121.778
104,53,2,1,2,2,3,3,4,0.444444,0.333333,0.444444,0.749162,0.489078,0,0,0,122.222
104,54,2,5,1,1,2,2,1,0,0,0.222222,1.04164,0.000642529,0,0,0,122.222
104,55,2,1,2,2,3,3,4,0,0.222222,0,1.20591,0.353744,0,0,0,122.222
104,56,2,1,2,1,4,4,3,0.222222,0.222222,0.111111,0.67412,0.372128,0,0,0,122.444
104,57,2,5,1,1,2,2,1,0.555556,0.555556,0,0.725661,0.311478,0,0,0,125.222
104,58,2,1,2,1,4,3,4,0.777778,0.777778,0.555556,0.931294,0.506,0,0,0,126
104,59,2,1,2,2,3,4,3,0.333333,0.444444,0.333333,0.575345,0.327743,0,0,0,126.333
104,60,2,1,2,1,4,3,4,0.555556,0.555556,0.444444,0.857227,1.16659,0,0,0,126.889
104,61,2,5,2,1,4,3,4,0.333333,0.333333,0.888889,0.527088,0.344343,0,0,0,128.556
104,62,2,5,2,2,3,4,3,0.888889,0.333333,0.888889,1.12954,0.905972,0,0,0,133
104,63,2,5,1,2,1,2,1,0.888889,0.777778,0.888889,0.725216,0.363151,0,0,0,137.444
104,64,2,5,1,2,1,1,2,0.888889,1,0.888889,0.721243,0.54218,0,0,0,141.889
104,65,2,5,2,2,3,3,4,0.777778,0.777778,0.777778,1.16388,0.335668,0,0,0,145.778
104,66,2,1,1,2,1,1,2,0.888889,0.333333,0.888889,0.754036,0.398599,0,0,0,146.667
104,67,2,1,1,2,1,2,1,0.777778,0.333333,0.777778,0.709288,0.000666313,0,0,0,147.444
104,68,2,5,2,2,3,4,3,0.777778,0.222222,0.777778,0.961061,0.000357058,0,0,0,151.333
104,69,2,5,1,2,1,1,2,0.777778,0.333333,0.777778,0.99332,0.261718,0,0,0,155.222
104,70,3,5,1,1,2,1,2,0.222222,0.222222,0.888889,0.979495,0.000604318,0,0,0,156.333
104,71,3,5,1,2,1,2,1,1,0.222222,1,0.777496,0.421391,0,0,0,161.333
104,72,3,5,1,2,1,1,2,0.555556,0.111111,0.555556,0.799066,0.423325,0,0,0,164.111
104,73,3,5,2,1,4,3,4,0.555556,0.555556,0.222222,0.545481,0.440034,0,0,0,166.889
104,74,3,1,2,1,4,3,4,0.555556,0.555556,0.222222,0.481076,0.663604,0,0,0,167.444
104,75,3,1,1,2,1,2,1,0.111111,0.444444,0.111111,0.734038,0.433109,0,0,0,167.556
104,76,3,5,1,2,1,2,1,0.222222,0.222222,0.222222,0.785485,0.463612,0,0,0,168.667
104,77,3,5,1,1,2,2,1,0.222222,0.222222,0.222222,0.80697,0.653577,0,0,0,169.778
104,78,3,1,1,1,2,1,2,0.222222,0.222222,0.444444,0.654403,0.417411,0,0,0,170
104,79,3,1,2,2,3,4,3,0.222222,0.111111,0.222222,0.950551,0.000666313,0,0,0,170.222
104,80,3,5,2,1,4,4,3,0.333333,0.333333,0.333333,0.680586,0.349455,0,0,0,171.889
104,81,3,5,1,2,1,1,2,0.222222,0.333333,0.222222,0.784422,0.553177,0,0,0,173
104,82,3,1,1,1,2,2,1,0.666667,0.666667,0.444444,0.907392,0.610385,0,0,0,173.667
104,83,3,5,2,1,4,3,4,0.444444,0.444444,0.111111,0.484074,0.109757,0,0,0,175.889
104,84,3,5,2,1,4,3,4,0.222222,0.222222,0.222222,0.520351,0.440195,0,0,0,177
104,85,3,1,1,2,1,2,1,0.111111,0.444444,0.111111,0.524603,0.533628,0,0,0,177.111
104,86,3,5,2,1,4,3,4,0.444444,0.444444,0,0.485531,0.762534,0,0,0,179.333
104,87,3,5,1,2,1,2,1,0,0.555556,0.111111,0.843475,-1,0,1,1,179.333
104,88,3,5,2,1,4,4,3,0.888889,0.888889,0.222222,0.625482,0.315197,0,0,0,183.778
104,89,3,5,2,1,4,4,3,0.777778,0.777778,0.444444,0.439406,0.399037,0,0,0,187.667
104,90,3,1,1,1,2,1,2,1,1,0.666667,1.05392,1.55749,0,0,0,188.667
104,91,3,1,1,1,2,1,2,0.777778,0.777778,0.666667,1.00568,0.458864,0,0,0,189.444
104,92,3,5,2,1,4,4,3,1,1,0.555556,0.478357,0.630126,0,0,0,194.444
104,93,3,1,1,1,2,1,2,1,1,0.111111,1.08547,0.382298,0,0,0,195.444
104,94,3,5,2,1,4,3,4,1,1,0.111111,0.53457,0.250197,0,0,0,200.444
104,95,3,5,1,1,2,2,1,0.888889,0.888889,0,1.17639,0.44716,0,0,0,204.889
104,96,3,1,2,1,4,4,3,0.666667,0.666667,0.111111,0.988039,0.584259,0,0,0,205.556
104,97,3,5,2,2,3,4,3,0,0.555556,0,0.908887,0.000707433,0,0,0,205.556
104,98,3,1,2,1,4,3,4,0.222222,0.222222,0.111111,1.05508,0.244191,0,0,0,205.778
104,99,3,1,1,2,1,2,1,0.333333,0.666667,0.333333,0.442563,0.459724,0,0,0,206.111
104,100,3,5,1,2,1,2,1,0.333333,0.555556,0.333333,0.513852,0.49693,0,0,0,207.778
104,101,3,5,2,1,4,4,3,0.666667,0.666667,0.555556,0.507738,0.289603,0,0,0,211.111
104,102,3,5,1,1,2,2,1,0.888889,0.888889,0.777778,0.802758,0.323178,0,0,0,215.556
104,103,3,1,1,1,2,2,1,0.888889,0.888889,0.444444,0.566598,0.414762,0,0,0,216.444
104,104,3,5,1,1,2,1,2,0,0.666667,0.444444,0.58243,-1,0,1,1,216.444
104,105,4,1,2,1,4,3,4,0.666667,0.666667,0.555556,0.500215,0.534671,0,0,0,217.111
104,106,4,1,2,2,3,3,4,0.333333,1,0.333333,0.746684,0.463658,0,0,0,217.444
104,107,4,5,1,1,2,1,2,0.777778,0.777778,0.444444,0.639635,0.403828,0,0,0,221.333
104,108,4,1,1,1,2,1,2,0.666667,0.666667,0.333333,0.901653,0.611346,0,0,0,222
104,109,4,5,1,1,2,1,2,0.555556,0.555556,0.111111,0.526784,0.463704,0,0,0,224.778
104,110,4,5,2,1,4,3,4,0.555556,0.555556,0.111111,0.787895,0.48339,0,0,0,227.556
104,111,4,1,2,1,4,4,3,0.555556,0.555556,0.222222,0.940079,0.275547,0,0,0,228.111
104,112,4,1,1,2,1,1,2,0.333333,0.666667,0.333333,0.552056,0.702127,0,0,0,228.444
104,113,4,5,1,1,2,1,2,0.555556,0.555556,0.333333,1.05401,0.591862,0,0,0,231.222
104,114,4,1,2,1,4,4,3,0.666667,0.666667,0.777778,0.939301,0.677334,0,0,0,231.889
104,115,4,1,2,1,4,3,4,0,0.777778,0.888889,0.492577,-1,0,1,1,231.889
104,116,4,1,1,1,2,2,1,0.777778,0.777778,0.555556,0.902388,0.125048,0,0,0,232.667
104,117,4,1,2,1,4,4,3,0.888889,0.888889,0.666667,0.866789,0.294918,0,0,0,233.556
104,118,4,5,1,1,2,2,1,0.777778,0.777778,0.777778,0.60656,0.128467,0,0,0,237.444
104,119,4,1,1,1,2,2,1,0.888889,0.888889,0.555556,0.948564,0.688681,0,0,0,238.333
104,120,4,1,2,2,3,3,4,0.444444,0.888889,0.444444,0.903151,0.608906,0,0,0,238.778
104,121,4,5,1,2,1,2,1,0.777778,1,0.777778,1.28925,0.541906,0,0,0,242.667
104,122,4,5,2,2,3,4,3,0.777778,0.888889,0.777778,1.11208,0.686651,0,0,0,246.556
104,123,4,5,2,2,3,3,4,1,0.888889,1,0.959989,0.611112,0,0,0,251.556
104,124,4,5,1,2,1,1,2,1,0.777778,1,0.635778,0.19357,0,0,0,256.556
104,125,4,5,2,2,3,3,4,0.888889,0.888889,0.888889,0.861784,0.36697,0,0,0,261
104,126,4,5,1,2,1,1,2,0.777778,0.888889,0.777778,0.589311,0.527075,0,0,0,264.889
104,127,4,1,2,2,3,3,4,0.666667,0.888889,0.666667,0.758517,0.668602,0,0,0,265.556
104,128,4,1,1,1,2,1,2,0.888889,0.888889,0.333333,0.901894,0.586416,0,0,0,266.444
104,129,4,5,1,1,2,2,1,0.777778,0.777778,0.666667,0.76147,0.629258,0,0,0,270.333
104,130,4,5,2,1,4,3,4,0.666667,0.666667,1,1.01501,0.444189,0,0,0,273.667
104,131,4,5,2,1,4,3,4,0.666667,0.666667,0.666667,0.871367,0.551547,0,0,0,277
104,132,4,1,1,2,1,2,1,1,0.888889,1,1.09146,0.392091,0,0,0,278
104,133,4,1,1,2,1,1,2,1,0.555556,1,0.547689,0.770841,0,0,0,279
104,134,4,5,2,2,3,4,3,0.888889,0.444444,0.888889,0.866032,0.392293,0,0,0,283.444
104,135,4,1,1,2,1,1,2,0.444444,0.888889,0.444444,0.716633,0.453853,0,0,0,283.889
104,136,4,1,1,1,2,2,1,0,0.666667,0.666667,1.4794,-1,0,1,1,283.889
104,137,4,5,1,1,2,2,1,0.555556,0.555556,0.444444,0.63369,0.5634,0,0,0,286.667
104,138,4,5,1,2,1,1,2,0.222222,0.555556,0.222222,0.493608,0.336041,0,0,0,287.778
104,139,4,5,1,1,2,1,2,0.333333,0.333333,0.444444,0.572721,0.886787,0,0,0,289.444
107,0,1,1,1,1,2,2,1,0.888889,0.888889,0.111111,0.821682,0.382644,0,0,0,0.888889
107,1,1,1,2,1,4,4,3,0.888889,0.888889,0,0.373479,0.292822,0,0,0,1.77778
107,2,1,1,1,1,2,1,2,0.777778,0.777778,0,0.469148,0.315843,0,0,0,2.55556
107,3,1,1,2,1,4,4,3,0.888889,0.888889,0.111111,0.353742,0.257002,0,0,0,3.44444
107,4,1,1,1,1,2,2,1,0.888889,0.888889,0.222222,0.621926,0.29067,0,0,0,4.33333
107,5,1,5,2,1,4,4,3,1,1,0.111111,0.513941,0.307929,0,0,0,9.33333
107,6,1,1,1,1,2,2,1,0.777778,0.777778,0.222222,0.505628,0.321335,0,0,0,10.1111
107,7,1,5,2,1,4,4,3,1,1,0.333333,0.572971,0.239199,0,0,0,15.1111
107,8,1,5,1,1,2,1,2,0.666667,0.666667,0.111111,0.437776,0.318861,0,0,0,18.4444
107,9,1,5,2,1,4,3,4,0.888889,0.888889,0.222222,0.394637,0.333119,0,0,0,22.8889
107,10,1,5,2,1,4,4,3,1,1,0.111111,0.458998,0.341547,0,0,0,27.8889
107,11,1,1,1,1,2,1,2,0.888889,0.888889,0.444444,0.651604,0.330363,0,0,0,28.7778
107,12,1,5,1,1,2,1,2,0.666667,0.666667,0.333333,0.647537,0.244464,0,0,0,32.1111
107,13,1,1,2,2,3,3,4,0.444444,0.555556,0.444444,0.743906,0.348901,0,0,0,32.5556
107,14,1,1,2,1,4,3,4,0,0,0.555556,0.500192,0.290188,0,0,0,32.5556
107,15,1,1,2,2,3,4,3,0.222222,0.111111,0.222222,0.472137,0.294805,0,0,0,32.7778
107,16,1,5,2,2,3,4,3,0.444444,0.222222,0.444444,0.812871,0.576714,0,0,0,35
107,17,1,5,1,2,1,1,2,0.333333,0.444444,0.333333,0.832669,0.278949,0,0,0,36.6667
107,18,1,5,2,2,3,3,4,0.555556,0.666667,0.555556,0.55064,0.355554,0,0,0,39.4444
107,19,1,5,1,2,1,2,1,0.555556,0.888889,0.555556,0.603525,0.349043,0,0,0,42.2222
107,20,1,5,1,2,1,1,2,0.888889,0.888889,0.888889,0.649763,0.326837,0,0,0,46.6667
107,21,1,5,1,2,1,1,2,0.888889,0.888889,0.888889,0.520751,0.36499,0,0,0,51.1111
107,22,1,1,1,2,1,1,2,0.888889,0.888889,0.888889,0.700795,0.319044,0,0,0,52
107,23,1,1,2,2,3,4,3,1,0.888889,1,0.824596,0.387307,0,0,0,53
107,24,1,5,1,2,1,2,1,0.777778,1,0.777778,0.576838,0.252606,0,0,0,56.8889
107,25,1,5,2,2,3,3,4,0.666667,0.888889,0.666667,0.735924,0.28361,0,0,0,60.2222
107,26,1,1,2,1,4,4,3,0.777778,0.777778,0.777778,0.615316,0.301327,0,0,0,61
107,27,1,5,1,1,2,2,1,0.555556,0.555556,0.666667,0.832948,0.28924,0,0,0,63.7778
107,28,1,1,1,1,2,2,1,0.333333,0.333333,1,0.572345,0.292006,0,0,0,64.1111
107,29,1,1,2,2,3,4,3,0.777778,0.222222,0.777778,0.415906,0.21309,0,0,0,64.8889
107,30,1,5,1,2,1,1,2,0.888889,0.333333,0.888889,0.771459,0.328838,0,0,0,69.3333
107,31,1,1,1,2,1,1,2,0.777778,0.222222,0.777778,0.530253,0.289677,0,0,0,70.1111
107,32,1,1,2,2,3,4,3,1,0.222222,1,0.51997,0.35465,0,0,0,71.1111
107,33,1,5,1,2,1,1,2,0.666667,0.111111,0.666667,0.727389,0.22427,0,0,0,74.4444
107,34,1,1,2,2,3,4,3,0.666667,0,0.666667,0.449707,0.325983,0,0,0,75.1111
107,35,2,5,2,1,4,4,3,0.111111,0.111111,0.777778,0.328682,0.385775,0,0,0,75.6667
107,36,2,5,1,2,1,1,2,0.777778,0.222222,0.777778,0.723572,0.266335,0,0,0,79.5556
107,37,2,5,2,2,3,4,3,0.888889,0.222222,0.888889,0.38875,0.429979,0,0,0,84
107,38,2,5,1,2,1,2,1,0.888889,0.777778,0.888889,0.746217,0.340432,0,0,0,88.4444
107,39,2,5,2,2,3,3,4,0.666667,0.888889,0.666667,0.577793,0.305124,0,0,0,91.7778
107,40,2,5,1,2,1,2,1,1,0.666667,1,0.742601,0.426466,0,0,0,96.7778
107,41,2,5,1,2,1,2,1,1,0.666667,1,0.502692,0.344474,0,0,0,101.778
107,42,2,5,2,2,3,3,4,1,1,1,0.514069,0.417569,0,0,0,106.778
107,43,2,5,1,2,1,1,2,1,0.666667,1,0.745962,0.270415,0,0,0,111.778
107,44,2,1,2,2,3,3,4,0.777778,0.888889,0.777778,0.519041,0.286687,0,0,0,112.556
107,45,2,1,2,2,3,4,3,0.666667,0.888889,0.666667,0.690317,0.338764,0,0,0,113.222
107,46,2,5,1,2,1,2,1,1,0.777778,1,0.722497,0.353947,0,0,0,118.222
107,47,2,1,1,2,1,2,1,0.777778,0.888889,0.777778,0.632858,0.905653,0,0,0,119
107,48,2,5,1,2,1,2,1,0.777778,0.888889,0.777778,0.470477,0.234736,0,0,0,122.889
107,49,2,5,1,2,1,2,1,0.555556,0.888889,0.555556,0.51837,0.412988,0,0,0,125.667
107,50,2,5,2,2,3,4,3,0.888889,0.888889,0.888889,0.659861,0.31503,0,0,0,130.111
107,51,2,5,2,2,3,3,4,0.777778,0.444444,0.777778,0.537275,0.282735,0,0,0,134
107,52,2,5,1,2,1,2,1,0.777778,0.333333,0.777778,0.975836,0.290887,0,0,0,137.889
107,53,2,1,1,2,1,2,1,0.888889,0.333333,0.888889,0.546504,0.437063,0,0,0,138.778
107,54,2,5,2,2,3,3,4,0.666667,0.222222,0.666667,0.558414,0.270536,0,0,0,142.111
107,55,2,1,2,2,3,3,4,0.555556,0.333333,0.555556,0.612779,0.314775,0,0,0,142.667
107,56,2,1,2,1,4,3,4,0.555556,0.555556,0.444444,0.393855,0.332972,0,0,0,143.222
107,57,2,1,2,1,4,3,4,0.555556,0.555556,0.444444,0.372158,0.299742,0,0,0,143.778
107,58,2,5,1,2,1,2,1,0.222222,0.777778,0.222222,0.725607,0.346859,0,0,0,144.889
107,59,2,1,1,1,2,2,1,0.444444,0.444444,0.111111,0.785517,0.342898,0,0,0,145.333
107,60,2,1,1,1,2,2,1,0.222222,0.222222,0.444444,0.563337,0.310003,0,0,0,145.556
107,61,2,5,2,2,3,4,3,0.111111,0.111111,0.111111,0.850959,0.362132,0,0,0,146.111
107,62,2,1,2,1,4,3,4,0.333333,0.333333,0.555556,0.61012,0.274235,0,0,0,146.444
107,63,2,5,2,2,3,4,3,0.888889,0.111111,0.888889,0.717708,0.407971,0,0,0,150.889
107,64,2,5,1,2,1,1,2,0.777778,0.111111,0.777778,0.422111,0.321462,0,0,0,154.778
107,65,2,1,2,2,3,3,4,0.777778,0.111111,0.777778,0.514219,1.23403,0,0,0,155.556
107,66,2,1,1,2,1,1,2,0.888889,0.111111,0.888889,0.706831,0.843477,0,0,0,156.444
107,67,2,5,1,2,1,1,2,0.888889,0.111111,0.888889,0.634188,0.366696,0,0,0,160.889
107,68,2,5,2,2,3,4,3,0.777778,0.333333,0.777778,0.471127,0.544637,0,0,0,164.778
107,69,2,5,2,2,3,4,3,1,0.666667,1,0.54658,0.438802,0,0,0,169.778
107,70,3,1,1,2,1,1,2,1,0.777778,1,0.286831,0.268357,0,0,0,170.778
107,71,3,5,1,2,1,1,2,0.888889,0.666667,0.888889,0.875458,0.293092,0,0,0,175.222
107,72,3,5,2,2,3,3,4,1,0.777778,1,0.691722,0.349843,0,0,0,180.222
107,73,3,5,1,2,1,1,2,0.888889,0.888889,0.888889,0.557438,0.288984,0,0,0,184.667
107,74,3,1,2,2,3,4,3,0.888889,0.444444,0.888889,0.996669,0.283562,0,0,0,185.556
107,75,3,5,2,2,3,3,4,0.555556,0.333333,0.555556,0.436112,0.362134,0,0,0,188.333
107,76,3,5,2,2,3,4,3,0.666667,0.333333,0.666667,0.585137,0.269854,0,0,0,191.667
107,77,3,1,2,2,3,3,4,0.222222,0,0.222222,0.654701,0.28361,0,0,0,191.889
107,78,3,5,2,1,4,3,4,0.333333,0.333333,0.333333,0.410821,0.231283,0,0,0,193.556
107,79,3,5,1,2,1,2,1,0.333333,0.666667,0.333333,0.673437,0.276105,0,0,0,195.222
107,80,3,5,1,1,2,1,2,0.444444,0.444444,0.444444,1.18027,0.286446,0,0,0,197.444
107,81,3,1,1,1,2,1,2,0.222222,0.222222,0.555556,0.540971,0.258735,0,0,0,197.667
107,82,3,5,1,2,1,2,1,0.444444,0,0.444444,0.713914,0.247379,0,0,0,199.889
107,83,3,1,1,2,1,1,2,0.555556,0.111111,0.555556,1.12822,0.339022,0,0,0,200.444
107,84,3,5,2,2,3,4,3,0.666667,0.333333,0.666667,0.730794,0.240165,0,0,0,203.778
107,85,3,5,2,2,3,4,3,0.666667,0.666667,0.666667,0.460839,0.313673,0,0,0,207.111
107,86,3,5,2,2,3,3,4,0.333333,0.777778,0.333333,0.571804,0.366889,0,0,0,208.778
107,87,3,5,1,1,2,2,1,0.333333,0.333333,0.555556,0.790281,0.372552,0,0,0,210.444
107,88,3,5,1,2,1,2,1,0.444444,0.333333,0.444444,0.686615,0.266084,0,0,0,212.667
107,89,3,1,1,2,1,1,2,0.444444,0.444444,0.444444,0.475744,0.362391,0,0,0,213.111
107,90,3,5,1,2,1,1,2,0.222222,0.888889,0.222222,0.515436,0.516329,0,0,0,214.222
107,91,3,1,1,1,2,1,2,0.777778,0.777778,0,0.626351,0.315473,0,0,0,215
107,92,3,1,1,1,2,2,1,0.555556,0.555556,0.111111,0.510975,0.230666,0,0,0,215.556
107,93,3,5,1,1,2,1,2,0.444444,0.444444,0.555556,0.612985,0.329585,0,0,0,217.778
107,94,3,5,1,1,2,1,2,0.444444,0.444444,0.333333,0.467173,0.362182,0,0,0,220
107,95,3,1,2,1,4,4,3,0.111111,0.111111,0.888889,0.903314,0.244008,0,0,0,220.111
107,96,3,1,1,2,1,2,1,0.888889,0.333333,0.888889,0.596326,0.233969,0,0,0,221
107,97,3,1,2,2,3,3,4,0.888889,0.111111,0.888889,1.08344,0.426656,0,0,0,221.889
107,98,3,5,1,2,1,2,1,0.666667,0.444444,0.666667,1.15111,0.307579,0,0,0,225.222
107,99,3,1,2,2,3,3,4,0.888889,0.666667,0.888889,1.2105,0.785632,0,0,0,226.111
107,100,3,1,2,2,3,3,4,0.777778,0.444444,0.777778,0.463601,0.246767,0,0,0,226.889
107,101,3,1,2,2,3,3,4,0.555556,0.222222,0.555556,0.412708,0.318673,0,0,0,227.444
107,102,3,5,2,2,3,3,4,0.666667,0.555556,0.666667,0.753082,0.362186,0,0,0,230.778
107,103,3,5,2,2,3,3,4,0.777778,0.111111,0.777778,0.512819,0.601649,0,0,0,234.667
107,104,3,5,1,2,1,2,1,0.888889,0.111111,0.888889,0.794152,0.449714,0,0,0,239.111
107,105,4,1,1,2,1,2,1,0.888889,0.555556,0.888889,0.646516,0.234356,0,0,0,240
107,106,4,1,2,2,3,4,3,0.777778,0.666667,0.777778,0.381981,0.338277,0,0,0,240.778
107,107,4,5,1,2,1,2,1,0.666667,0.555556,0.666667,0.526018,0.36684,0,0,0,244.111
107,108,4,1,2,2,3,4,3,0.666667,0.333333,0.666667,0.597753,0.276743,0,0,0,244.778
107,109,4,5,1,2,1,2,1,0.777778,0.555556,0.777778,0.544876,0.301058,0,0,0,248.667
107,110,4,5,1,2,1,1,2,0.555556,0.777778,0.555556,0.565592,0.49917,0,0,0,251.444
107,111,4,5,1,2,1,1,2,0.666667,0.222222,0.666667,0.438155,0.29573,0,0,0,254.778
107,112,4,5,2,2,3,3,4,0.888889,0.444444,0.888889,0.51419,0.25295,0,0,0,259.222
107,113,4,1,1,2,1,2,1,0.888889,0.333333,0.888889,0.992988,0.431595,0,0,0,260.111
107,114,4,5,2,2,3,3,4,1,0.111111,1,0.520028,0.395812,0,0,0,265.111
107,115,4,5,1,2,1,1,2,0.777778,0.333333,0.777778,0.650874,0.570419,0,0,0,269
107,116,4,1,2,2,3,3,4,0.777778,0.111111,0.777778,0.68302,0.713801,0,0,0,269.778
107,117,4,1,2,2,3,4,3,0.777778,0,0.777778,0.48015,0.741572,0,0,0,270.556
107,118,4,1,2,2,3,4,3,0.666667,0.222222,0.666667,0.556953,0.431603,0,0,0,271.222
107,119,4,1,2,1,4,3,4,0.333333,0.333333,0.333333,0.558745,0.274917,0,0,0,271.556
107,120,4,1,1,2,1,2,1,0.222222,0,0.222222,0.557583,0.280237,0,0,0,271.778
107,121,4,1,1,1,2,1,2,0.111111,0.111111,0.555556,0.77364,0.313932,0,0,0,271.889
107,122,4,1,1,2,1,2,1,0.555556,0.222222,0.555556,0.712953,0.282768,0,0,0,272.444
107,123,4,5,2,2,3,3,4,0.333333,0.222222,0.333333,0.667783,0.342842,0,0,0,274.111
107,124,4,1,1,2,1,1,2,0.333333,0.111111,0.333333,0.700345,0.44685,0,0,0,274.444
107,125,4,1,2,2,3,4,3,0.666667,0.111111,0.666667,0.616146,0.231099,0,0,0,275.111
107,126,4,5,2,2,3,3,4,0.666667,0.111111,0.666667,0.453822,0.231942,0,0,0,278.444
107,127,4,5,2,2,3,3,4,0.444444,0.222222,0.444444,0.511621,0.349273,0,0,0,280.667
107,128,4,5,2,2,3,4,3,0.555556,0.444444,0.555556,0.802584,0.352088,0,0,0,283.444
107,129,4,1,1,2,1,1,2,0.666667,0.333333,0.666667,1.79154,0.394256,0,0,0,284.111
107,130,4,1,2,1,4,3,4,0.222222,0.222222,0.666667,0.384734,0.275293,0,0,0,284.333
107,131,4,5,1,2,1,2,1,0.555556,0,0.555556,0.640531,0.255067,0,0,0,287.111
107,132,4,5,1,2,1,2,1,1,0.222222,1,0.576453,0.401576,0,0,0,292.111
107,133,4,1,1,2,1,1,2,0.888889,0.222222,0.888889,0.857384,0.307432,0,0,0,293
107,134,4,1,2,2,3,3,4,0.888889,0.111111,0.888889,0.97806,0.372985,0,0,0,293.889
107,135,4,1,2,2,3,4,3,0.666667,0.111111,0.666667,0.480667,0.365848,0,0,0,294.556
107,136,4,1,1,2,1,2,1,0.333333,0.444444,0.333333,0.514286,1.35695,0,0,0,294.889
107,137,4,5,2,2,3,3,4,0.222222,0.666667,0.222222,0.599095,0.337678,0,0,0,296
107,138,4,5,1,1,2,2,1,0.777778,0.777778,0.111111,0.817336,0.26289,0,0,0,299.889
107,139,4,1,1,1,2,1,2,0.666667,0.666667,0,1.22866,0.343454,0,0,0,300.556
117,0,1,1,1,0,-1,2,1,0,0.666667,0.444444,-1,-1,1,0,1,0
117,1,1,5,2,2,3,3,4,0.333333,0.777778,0.333333,0.71434,0.695919,0,0,0,1.66667
117,2,1,1,2,1,4,4,3,0.555556,0.555556,0.555556,0.995574,0.536395,0,0,0,2.22222
117,3,1,5,2,1,4,3,4,0.444444,0.444444,0.444444,1.60141,0.625823,0,0,0,4.44444
117,4,1,1,1,1,2,2,1,0.333333,0.333333,0.444444,0.859547,0.887684,0,0,0,4.77778
117,5,1,5,2,2,3,4,3,0.555556,0.333333,0.555556,1.62956,0.760964,0,0,0,7.55556
117,6,1,1,2,2,3,4,3,0.888889,0.666667,0.888889,1.69187,0.839639,0,0,0,8.44444
117,7,1,1,1,1,2,2,1,0.555556,0.555556,1,1.60438,0.706768,0,0,0,9
117,8,1,5,1,2,1,1,2,0.888889,0.444444,0.888889,0.97687,0.519354,0,0,0,13.4444
117,9,1,1,1,1,2,2,1,0.444444,0.444444,0.777778,0.838924,0.394613,0,0,0,13.8889
117,10,1,1,2,2,3,4,3,0.888889,0.333333,0.888889,0.753711,0.537994,0,0,0,14.7778
117,11,1,5,1,1,2,2,1,0.666667,0.666667,0.777778,1.14127,0.560255,0,0,0,18.1111
117,12,1,1,1,1,2,2,1,0.333333,0.333333,0.888889,0.68037,0.41618,0,0,0,18.4444
117,13,1,5,2,2,3,4,3,0.555556,0.111111,0.555556,0.508639,0.558717,0,0,0,21.2222
117,14,1,5,1,2,1,1,2,0.666667,0.111111,0.666667,0.718957,0.673119,0,0,0,24.5556
117,15,1,5,1,1,2,1,2,0.111111,0.111111,0.555556,0.641162,0.873631,0,0,0,25.1111
117,16,1,1,2,2,3,4,3,0,0.222222,0,1.15243,0.660172,0,0,0,25.1111
117,17,1,1,2,1,4,4,3,0.666667,0.666667,0.333333,1.35092,0.609497,0,0,0,25.7778
117,18,1,1,1,1,2,2,1,0.777778,0.777778,0.444444,0.960514,0.58254,0,0,0,26.5556
117,19,1,5,2,2,3,3,4,0.333333,0.777778,0.333333,0.913218,0.53121,0,0,0,28.2222
117,20,1,5,2,2,3,4,3,0.444444,0.666667,0.444444,1.37081,1.53335,0,0,0,30.4444
117,21,1,5,1,2,1,1,2,0.555556,0.444444,0.555556,1.34605,0.459992,0,0,0,33.2222
117,22,1,1,1,1,2,2,1,0.555556,0.555556,0.333333,0.772471,0.514011,0,0,0,33.7778
117,23,1,1,1,2,1,2,1,0.333333,0.444444,0.333333,1.86575,0.702908,0,0,0,34.1111
117,24,1,5,1,1,2,2,1,0.222222,0.222222,0.111111,0.788503,0.595184,0,0,0,35.2222
117,25,1,5,2,2,3,3,4,0.222222,0.444444,0.222222,0.876582,1.07226,0,0,0,36.3333
117,26,1,5,1,1,2,1,2,0.222222,0.222222,0.222222,0.943128,0.56922,0,0,0,37.4444
117,27,1,5,2,2,3,4,3,0.333333,0.444444,0.333333,1.876,0.522222,0,0,0,39.1111
117,28,1,1,1,1,2,2,1,0.666667,0.666667,0.111111,0.859951,0.540497,0,0,0,39.7778
117,29,1,1,1,2,1,1,2,0.111111,0.555556,0.111111,0.947848,0.662066,0,0,0,39.8889
117,30,1,5,1,2,1,2,1,0.444444,0.444444,0.444444,1.26983,0.40957,0,0,0,42.1111
117,31,1,1,2,2,3,4,3,0.666667,0.666667,0.666667,1.02947,0.843882,0,0,0,42.7778
117,32,1,5,2,2,3,3,4,0.555556,0.777778,0.555556,0.971787,0.568649,0,0,0,45.5556
117,33,1,1,1,2,1,1,2,0.555556,0.555556,0.555556,1.66394,1.00647,0,0,0,46.1111
117,34,1,1,2,2,3,4,3,0.555556,0.333333,0.555556,0.817838,0.573361,0,0,0,46.6667
117,35,2,1,1,2,1,2,1,0.666667,0.444444,0.666667,0.939901,0.611042,0,0,0,47.3333
117,36,2,5,2,1,4,3,4,0.666667,0.666667,0.666667,1.13367,0.605592,0,0,0,50.6667
117,37,2,1,2,2,3,4,3,0.666667,0.777778,0.666667,0.912917,0.657631,0,0,0,51.3333
117,38,2,5,2,1,4,3,4,0.888889,0.888889,0.666667,1.17557,0.692272,0,0,0,55.7778
117,39,2,5,1,2,1,1,2,0.555556,0.666667,0.555556,0.921362,0.75841,0,0,0,58.5556
117,40,2,1,1,2,1,2,1,0.777778,0.666667,0.777778,0.956687,0.68709,0,0,0,59.3333
117,41,2,1,2,1,4,4,3,0.444444,0.444444,0.777778,1.46359,0.616112,0,0,0,59.7778
117,42,2,1,1,2,1,1,2,0,0.555556,0.888889,1.85309,-1,0,1,1,59.7778
117,43,2,5,1,1,2,2,1,0.222222,0.222222,0.555556,1.66376,1.52669,0,0,0,60.8889
117,44,2,5,1,1,2,1,2,0.111111,0.111111,0.444444,1.28152,0.624838,0,0,0,61.4444
117,45,2,1,2,1,4,4,3,0.222222,0.222222,0.888889,1.41392,0.706142,0,0,0,61.6667
117,46,2,5,2,2,3,4,3,0.555556,0.444444,0.555556,1.30635,0.563143,0,0,0,64.4444
117,47,2,1,2,2,3,3,4,0.888889,0.666667,0.888889,1.20955,0.946294,0,0,0,65.3333
117,48,2,1,1,2,1,2,1,0.888889,0.444444,0.888889,1.48823,0.631627,0,0,0,66.2222
117,49,2,1,1,2,1,2,1,0,0.555556,0.888889,1.32962,-1,0,1,1,66.2222
117,50,2,1,1,2,1,2,1,0.888889,0.777778,0.888889,0.98762,0.497913,0,0,0,67.1111
117,51,2,5,2,2,3,3,4,0.888889,0.888889,0.888889,1.55005,0.517128,0,0,0,71.5556
117,52,2,1,1,2,1,2,1,0.888889,0.888889,0.888889,1.1079,0.41885,0,0,0,72.4444
117,53,2,5,1,2,1,1,2,0.888889,0.777778,0.888889,1.24796,0.526049,0,0,0,76.8889
117,54,2,5,2,2,3,3,4,0.333333,0.888889,0.333333,1.79581,0.78763,0,0,0,78.5556
117,55,2,1,2,2,3,3,4,0.111111,0.777778,0.111111,1.10698,0.464855,0,0,0,78.6667
117,56,2,5,1,1,2,1,2,0.888889,0.888889,0.666667,1.73024,0.580555,0,0,0,83.1111
117,57,2,1,2,1,4,3,4,0.666667,0.666667,0.666667,1.34129,0.590427,0,0,0,83.7778
117,58,2,1,1,2,1,2,1,0.777778,0.222222,0.777778,1.88304,0.953893,0,0,0,84.5556
117,59,2,1,1,2,1,2,1,0.777778,0.222222,0.777778,1.12373,0.620475,0,0,0,85.3333
117,60,2,1,2,1,4,3,4,0.666667,0.666667,0.888889,1.11412,0.635427,0,0,0,86
117,61,2,5,1,0,-1,1,2,0,0.555556,1,-1,-1,1,0,1,86
117,62,2,1,1,1,2,1,2,0.444444,0.444444,1,0.977508,0.51654,0,0,0,86.4444
117,63,2,5,2,2,3,3,4,0.888889,0.333333,0.888889,1.00845,0.571899,0,0,0,90.8889
117,64,2,5,1,1,2,1,2,0.333333,0.333333,0.666667,1.25538,0.721084,0,0,0,92.5556
117,65,2,1,2,1,4,4,3,0.111111,0.111111,1,1.78945,0.578872,0,0,0,92.6667
117,66,2,5,1,2,1,2,1,0.777778,0.444444,0.777778,0.75868,0.465593,0,0,0,96.5556
117,67,2,1,1,1,2,1,2,0.666667,0.666667,0.777778,1.63973,0.696505,0,0,0,97.2222
117,68,2,1,2,1,4,4,3,0.555556,0.555556,0.777778,1.09462,0.402746,0,0,0,97.7778
117,69,2,5,1,2,1,2,1,0.666667,0.333333,0.666667,1.1651,0.470194,0,0,0,101.111
117,70,3,1,1,2,1,2,1,0.555556,0.333333,0.555556,1.03156,0.728605,0,0,0,101.667
117,71,3,5,1,1,2,1,2,0.222222,0.222222,0.888889,1.80103,0.511215,0,0,0,102.778
117,72,3,1,2,2,3,4,3,0.444444,0.333333,0.444444,1.92648,0.627102,0,0,0,103.222
117,73,3,1,1,2,1,1,2,0.333333,0.222222,0.333333,1.45146,0.461988,0,0,0,103.556
117,74,3,1,1,0,-1,1,2,0,0,0.555556,-1,-1,1,0,1,103.556
117,75,3,1,1,1,2,1,2,0.333333,0.333333,0.444444,0.74226,0.523225,0,0,0,103.889
117,76,3,1,2,2,3,3,4,0.222222,0.444444,0.222222,0.619712,0.501544,0,0,0,104.111
117,77,3,1,2,1,4,4,3,1,1,0.555556,0.56347,0.400883,0,0,0,105.111
117,78,3,1,2,1,4,4,3,1,1,1,0.626419,0.542621,0,0,0,106.111
117,79,3,1,1,2,1,2,1,0.777778,0.888889,0.777778,1.25051,0.460164,0,0,0,106.889
117,80,3,5,1,2,1,2,1,0.555556,0.666667,0.555556,1.41891,0.83374,0,0,0,109.667
117,81,3,5,2,1,4,3,4,0.666667,0.666667,0.333333,0.999501,0.528041,0,0,0,113
117,82,3,5,2,1,4,3,4,0.666667,0.666667,0.444444,0.779727,0.640742,0,0,0,116.333
117,83,3,5,2,1,4,4,3,0.444444,0.444444,0.444444,1.64019,0.596298,0,0,0,118.556
117,84,3,1,1,2,1,2,1,0.888889,1,0.888889,1.06182,0.279599,0,0,0,119.444
117,85,3,5,2,2,3,3,4,0.666667,0.444444,0.666667,1.50784,0.550603,0,0,0,122.778
117,86,3,1,2,1,4,4,3,0.444444,0.444444,0.444444,1.70705,0.831604,0,0,0,123.222
117,87,3,5,1,2,1,2,1,0.333333,0.666667,0.333333,1.74681,0.401158,0,0,0,124.889
117,88,3,1,2,1,4,4,3,0.555556,0.555556,0.444444,1.30897,0.30423,0,0,0,125.444
117,89,3,5,1,2,1,2,1,0.555556,0.222222,0.555556,0.928001,0.409062,0,0,0,128.222
117,90,3,1,1,2,1,1,2,0.444444,0.666667,0.444444,0.833117,0.604304,0,0,0,128.667
117,91,3,1,1,1,2,1,2,1,1,0.777778,0.864232,0.391397,0,0,0,129.667
117,92,3,5,2,2,3,4,3,0.666667,0.666667,0.666667,1.07969,0.545486,0,0,0,133
117,93,3,5,2,1,4,3,4,0.555556,0.555556,0.666667,0.738315,0.55229,0,0,0,135.778
117,94,3,5,2,1,4,4,3,0.777778,0.777778,0.222222,0.861024,0.573575,0,0,0,139.667
117,95,3,5,1,2,1,2,1,0.222222,0.777778,0.222222,1.62107,0.411101,0,0,0,140.778
117,96,3,1,1,2,1,1,2,0.222222,0.777778,0.222222,0.674349,0.395203,0,0,0,141
117,97,3,1,2,2,3,4,3,0,0.888889,0,1.03138,0.488738,0,0,0,141
117,98,3,5,1,0,-1,2,1,0,0.666667,0.111111,-1,-1,1,0,1,141
117,99,3,1,2,1,4,3,4,0.777778,0.777778,0.111111,0.91097,0.531038,0,0,0,141.778
117,100,3,1,2,1,4,3,4,0.888889,0.888889,0.111111,0.847793,0.749602,0,0,0,142.667
117,101,3,1,2,1,4,3,4,0.777778,0.777778,0.111111,0.466708,0.616573,0,0,0,143.444
117,102,3,5,1,2,1,2,1,0.111111,0.666667,0.111111,1.333,0.550675,0,0,0,144
117,103,3,1,2,1,4,4,3,0.333333,0.333333,0.222222,1.04828,0.359458,0,0,0,144.333
117,104,3,5,2,2,3,3,4,0.111111,0,0.111111,0.497478,0.600396,0,0,0,144.889
117,105,4,1,1,2,1,2,1,0.111111,0.111111,0.111111,0.976109,0.629599,0,0,0,145
117,106,4,1,2,1,4,4,3,0.333333,0.333333,0.222222,1.02662,0.600358,0,0,0,145.333
117,107,4,1,2,2,3,4,3,0.111111,0.222222,0.111111,0.915714,0.599636,0,0,0,145.444
117,108,4,5,1,2,1,2,1,0.111111,0,0.111111,1.96867,0.511951,0,0,0,146
117,109,4,1,1,2,1,1,2,0.111111,0.444444,0.111111,0.873823,0.54414,0,0,0,146.111
117,110,4,1,1,2,1,2,1,0.111111,0.111111,0.111111,0.88426,0.265236,0,0,0,146.222
117,111,4,5,1,1,2,2,1,0.333333,0.333333,0.333333,1.01274,0.430849,0,0,0,147.889
117,112,4,1,1,2,1,2,1,0.555556,0.333333,0.555556,0.819421,0.37425,0,0,0,148.444
117,113,4,1,1,2,1,2,1,0.111111,0.444444,0.111111,0.58597,0.250728,0,0,0,148.556
117,114,4,1,1,2,1,1,2,0,0.555556,0,0.789139,0.582469,0,0,0,148.556
117,115,4,1,2,2,3,4,3,0.111111,1,0.111111,1.22454,0.604792,0,0,0,148.667
117,116,4,5,2,1,4,4,3,0.666667,0.666667,0.111111,0.749241,0.561199,0,0,0,152
117,117,4,1,2,1,4,3,4,0.444444,0.444444,0.222222,0.699972,0.54769,0,0,0,152.444
117,118,4,1,1,1,2,2,1,0.555556,0.555556,0.333333,0.653048,0.662234,0,0,0,153
117,119,4,1,2,1,4,3,4,0.444444,0.444444,0.111111,0.577335,0.573932,0,0,0,153.444
117,120,4,5,2,1,4,4,3,0.444444,0.444444,0.222222,0.771317,0.525467,0,0,0,155.667
117,121,4,5,1,2,1,2,1,0,0.444444,0,0.576602,0.527989,0,0,0,155.667
117,122,4,1,2,2,3,3,4,0.333333,0.444444,0.333333,0.902493,0.45075,0,0,0,156
117,123,4,5,1,1,2,1,2,0.888889,0.888889,0.444444,0.471947,0.381286,0,0,0,160.444
117,124,4,5,1,1,2,1,2,1,1,0.333333,0.5592,0.376334,0,0,0,165.444
117,125,4,1,2,1,4,3,4,1,1,0,1.33553,0.44557,0,0,0,166.444
117,126,4,5,2,2,3,4,3,0.111111,0.666667,0.111111,1.23726,0.48928,0,0,0,167
117,127,4,5,1,1,2,2,1,0.777778,0.777778,0.222222,0.729864,0.560451,0,0,0,170.889
117,128,4,5,2,1,4,3,4,0.666667,0.666667,0.222222,0.899076,0.304936,0,0,0,174.222
117,129,4,1,1,2,1,1,2,0.666667,0.888889,0.666667,0.778054,0.593076,0,0,0,174.889
117,130,4,1,2,2,3,4,3,0.666667,0.888889,0.666667,0.723846,0.503708,0,0,0,175.556
117,131,4,5,2,2,3,3,4,0.666667,0.888889,0.666667,0.527879,0.549652,0,0,0,178.889
117,132,4,5,2,2,3,4,3,0.444444,0.777778,0.444444,1.2746,0.539934,0,0,0,181.111
117,133,4,5,2,2,3,4,3,0.777778,0.888889,0.777778,0.81479,1.6396,0,0,0,185
117,134,4,1,1,1,2,1,2,0.777778,0.777778,0.777778,0.789528,1.22616,0,0,0,185.778
117,135,4,5,2,2,3,4,3,0.777778,0.555556,0.777778,0.59728,0.758859,0,0,0,189.667
117,136,4,1,1,1,2,2,1,0.666667,0.666667,0.555556,0.738236,0.686128,0,0,0,190.333
117,137,4,1,1,2,1,2,1,0.333333,0.777778,0.333333,0.764043,0.471196,0,0,0,190.667
117,138,4,1,1,1,2,2,1,0.555556,0.555556,0.222222,0.612435,0.586962,0,0,0,191.222
117,139,4,1,1,2,1,2,1,0.111111,0.444444,0.111111,1.4302,0.625381,0,0,0,191.333
124,0,1,5,2,2,3,3,4,0.333333,1,0.333333,0.403485,0.668311,0,0,0,1.66667
124,1,1,5,2,1,4,3,4,0.888889,0.888889,0.222222,0.705864,0.546095,0,0,0,6.11111
124,2,1,5,1,2,1,1,2,0,0.777778,0.333333,0.620279,-1,0,1,1,6.11111
124,3,1,1,1,1,2,2,1,0.777778,0.777778,0.444444,0.867898,0.703074,0,0,0,6.88889
124,4,1,5,2,1,4,4,3,0.777778,0.777778,0.666667,0.752899,0.557367,0,0,0,10.7778
124,5,1,1,1,2,1,1,2,0.444444,0.666667,0.444444,0.489321,0.606225,0,0,0,11.2222
124,6,1,1,2,2,3,4,3,0.111111,0.777778,0.111111,0.579673,1.09083,0,0,0,11.3333
124,7,1,5,2,1,4,4,3,0.888889,0.888889,0,1.08869,0.859869,0,0,0,15.7778
124,8,1,1,2,1,4,4,3,0.444444,0.444444,0.222222,0.737227,1.48959,0,0,0,16.2222
124,9,1,1,1,1,2,1,2,0,0,0.333333,0.537053,0.93611,0,0,0,16.2222
124,10,1,1,1,1,2,2,1,0.111111,0.111111,0.444444,0.732892,1.95484,0,0,0,16.3333
124,11,1,1,2,2,3,3,4,0.777778,0.111111,0.777778,1.09918,0.267244,0,0,0,17.1111
124,12,1,1,2,2,3,3,4,0.777778,0.333333,0.777778,1.33071,1.04841,0,0,0,17.8889
124,13,1,1,1,1,2,1,2,0.333333,0.333333,0.777778,0.675858,0.445407,0,0,0,18.2222
124,14,1,5,1,2,1,1,2,0.777778,0.222222,0.777778,0.454671,0.384531,0,0,0,22.1111
124,15,1,5,2,2,3,3,4,0.777778,0.333333,0.777778,0.863042,0.574078,0,0,0,26
124,16,1,1,1,1,2,1,2,0.222222,0.222222,0.333333,0.575189,0.352202,0,0,0,26.2222
124,17,1,1,1,1,2,2,1,0.333333,0.333333,0.222222,0.539498,0.804647,0,0,0,26.5556
124,18,1,1,1,1,2,1,2,0.555556,0.555556,0.333333,0.675071,1.1693,0,0,0,27.1111
124,19,1,5,1,0,-1,2,1,0,0.888889,0.888889,-1,-1,1,0,1,27.1111
124,20,1,1,2,1,4,4,3,0,0.888889,0.888889,0.671404,-1,0,1,1,27.1111
124,21,1,1,1,1,2,2,1,0.888889,0.888889,0.666667,0.63468,0.438865,0,0,0,28
124,22,1,5,2,1,4,4,3,0,0.555556,1,0.499521,-1,0,1,1,28
124,23,1,5,1,1,2,1,2,0.333333,0.333333,1,0.473053,0.426207,0,0,0,29.6667
124,24,1,1,1,1,2,2,1,0.444444,0.444444,1,0.567424,0.301863,0,0,0,30.1111
124,25,1,1,2,1,4,3,4,0.555556,0.555556,0.555556,0.491384,0.314357,0,0,0,30.6667
124,26,1,1,1,1,2,2,1,0.444444,0.444444,0.555556,1.01367,0.318106,0,0,0,31.1111
124,27,1,1,2,2,3,4,3,0.444444,0.777778,0.444444,0.670771,0.471273,0,0,0,31.5556
124,28,1,1,1,2,1,1,2,0.555556,0.888889,0.555556,0.616439,0.422938,0,0,0,32.1111
124,29,1,5,2,2,3,4,3,0.555556,0.777778,0.555556,0.913264,0.440639,0,0,0,34.8889
124,30,1,1,1,2,1,1,2,0.777778,0.888889,0.777778,0.580204,0.611877,0,0,0,35.6667
124,31,1,5,2,2,3,4,3,0.777778,1,0.777778,0.697078,0.367955,0,0,0,39.5556
124,32,1,5,1,2,1,2,1,0.777778,0.555556,0.777778,0.961268,0.556905,0,0,0,43.4444
124,33,1,5,2,2,3,4,3,0.888889,0.666667,0.888889,0.65717,0.3933,0,0,0,47.8889
124,34,1,5,1,2,1,1,2,0.666667,1,0.666667,0.695059,0.545835,0,0,0,51.2222
124,35,2,5,2,1,4,3,4,1,1,0.444444,0.617969,0.52138,0,0,0,56.2222
124,36,2,1,2,1,4,4,3,1,1,0.777778,0.691328,0.458284,0,0,0,57.2222
124,37,2,1,2,1,4,3,4,0.888889,0.888889,0.888889,0.718664,0.507509,0,0,0,58.1111
124,38,2,1,2,1,4,4,3,0.888889,0.888889,1,0.653868,1.12272,0,0,0,59
124,39,2,5,2,1,4,4,3,0.777778,0.777778,0.666667,0.5582,0.423636,0,0,0,62.8889
124,40,2,5,1,2,1,1,2,0.555556,0.444444,0.555556,0.765112,0.41797,0,0,0,65.6667
124,41,2,5,2,2,3,4,3,0.555556,0.444444,0.555556,0.951465,0.377434,0,0,0,68.4444
124,42,2,5,1,2,1,1,2,0.666667,0.222222,0.666667,1.29223,1.10305,0,0,0,71.7778
124,43,2,5,1,2,1,1,2,0.777778,0.444444,0.777778,0.817367,0.472221,0,0,0,75.6667
124,44,2,1,1,1,2,2,1,0.777778,0.777778,0.555556,0.677294,0.374781,0,0,0,76.4444
124,45,2,1,2,2,3,3,4,0.444444,0.666667,0.444444,0.611324,0.224305,0,0,0,76.8889
124,46,2,5,1,1,2,2,1,0.444444,0.444444,0.111111,1.06117,0.335103,0,0,0,79.1111
124,47,2,1,1,2,1,2,1,0.333333,0.333333,0.333333,1.15867,0.463667,0,0,0,79.4444
124,48,2,5,2,1,4,4,3,0.444444,0.444444,0,0.488523,0.334933,0,0,0,81.6667
124,49,2,1,1,2,1,2,1,0.222222,0.555556,0.222222,0.467481,0.692932,0,0,0,81.8889
124,50,2,5,1,1,2,1,2,0.333333,0.333333,0.222222,0.784296,0.441648,0,0,0,83.5556
124,51,2,1,1,1,2,1,2,0.111111,0.111111,0,0.725729,0.767914,0,0,0,83.6667
124,52,2,1,2,2,3,4,3,0.222222,0.111111,0.222222,1.24917,0.358637,0,0,0,83.8889
124,53,2,5,2,2,3,4,3,0.111111,0.333333,0.111111,0.978945,0.304542,0,0,0,84.4444
124,54,2,5,2,1,4,4,3,0.444444,0.444444,0.111111,0.523993,0.384816,0,0,0,86.6667
124,55,2,5,2,1,4,4,3,0.555556,0.555556,0.444444,0.641941,1.71612,0,0,0,89.4444
124,56,2,1,1,2,1,2,1,0.333333,0.333333,0.333333,0.713695,0.471341,0,0,0,89.7778
124,57,2,1,1,1,2,2,1,0,0.111111,0.222222,1.14241,-1,0,1,1,89.7778
124,58,2,1,2,2,3,3,4,0.111111,0.222222,0.111111,0.751276,0.502645,0,0,0,89.8889
124,59,2,1,1,1,2,2,1,0.333333,0.333333,0.222222,0.401265,1.80864,0,0,0,90.2222
124,60,2,5,1,1,2,1,2,0.666667,0.666667,0.222222,0.89822,0.439316,0,0,0,93.5556
124,61,2,5,2,1,4,4,3,0.666667,0.666667,0.333333,0.959904,0.323518,0,0,0,96.8889
124,62,2,1,2,1,4,4,3,0,0.333333,0.666667,0.51495,-1,0,1,1,96.8889
124,63,2,5,2,1,4,3,4,0.222222,0.222222,0.666667,0.685792,0.506653,0,0,0,98
124,64,2,5,2,1,4,4,3,0.222222,0.222222,0.555556,0.624893,0.345968,0,0,0,99.1111
124,65,2,5,2,2,3,3,4,0.444444,0.111111,0.444444,0.690776,0.512116,0,0,0,101.333
124,66,2,1,2,1,4,3,4,0.333333,0.333333,0.333333,0.766422,0.351979,0,0,0,101.667
124,67,2,1,1,2,1,2,1,0.222222,0.333333,0.222222,0.766111,0.477219,0,0,0,101.889
124,68,2,5,1,1,2,2,1,0.333333,0.333333,0.222222,0.834388,0.261234,0,0,0,103.556
124,69,2,1,2,2,3,4,3,0,0.111111,0,1.07039,0.343787,0,0,0,103.556
124,70,3,1,2,2,3,3,4,0,0.222222,0,0.407854,0.721745,0,0,0,103.556
124,71,3,5,1,1,2,1,2,0.111111,0.111111,0,1.10891,0.33342,0,0,0,104.111
124,72,3,1,1,1,2,1,2,0.111111,0.111111,0,0.579915,0.425909,0,0,0,104.222
124,73,3,1,2,2,3,4,3,0.333333,0.111111,0.333333,1.05082,0.588708,0,0,0,104.556
124,74,3,5,1,2,1,1,2,0,0,0,0.522905,0.307885,0,0,0,104.556
124,75,3,5,1,1,2,2,1,0.111111,0.111111,0.111111,0.74019,0.269938,0,0,0,105.111
124,76,3,5,2,1,4,4,3,0.111111,0.111111,0.111111,0.854235,0.253693,0,0,0,105.667
124,77,3,5,1,2,1,1,2,0.333333,0.111111,0.333333,1.23008,0.374472,0,0,0,107.333
124,78,3,1,2,1,4,4,3,0.333333,0.333333,0.444444,0.971474,0.259394,0,0,0,107.667
124,79,3,1,2,1,4,4,3,0.555556,0.555556,0.555556,0.8973,0.237519,0,0,0,108.222
124,80,3,5,2,1,4,3,4,0.111111,0.111111,0.888889,0.743933,0.35409,0,0,0,108.778
124,81,3,1,2,2,3,3,4,0.888889,0.111111,0.888889,1.04312,1.26794,0,0,0,109.667
124,82,3,1,2,2,3,3,4,0.777778,0.111111,0.777778,1.19069,0.451602,0,0,0,110.444
124,83,3,5,1,2,1,2,1,0.888889,0,0.888889,0.836716,0.413345,0,0,0,114.889
124,84,3,1,1,2,1,2,1,0.777778,0.333333,0.777778,0.699445,0.963905,0,0,0,115.667
124,85,3,1,1,2,1,2,1,0.666667,0.333333,0.666667,0.915085,0.294745,0,0,0,116.333
124,86,3,1,2,1,4,4,3,0.444444,0.444444,0.222222,0.611284,0.287404,0,0,0,116.778
124,87,3,1,1,1,2,1,2,0.888889,0.888889,0.444444,0.918486,0.342552,0,0,0,117.667
124,88,3,1,1,1,2,2,1,0.555556,0.555556,0.444444,0.408801,0.318505,0,0,0,118.222
124,89,3,5,2,1,4,4,3,0.444444,0.444444,0.222222,0.781255,0.498648,0,0,0,120.444
124,90,3,5,1,1,2,2,1,0.555556,0.555556,0,1.68745,0.694785,0,0,0,123.222
124,91,3,1,2,1,4,3,4,0.666667,0.666667,0.222222,0.747788,0.63546,0,0,0,123.889
124,92,3,5,1,1,2,1,2,0.888889,0.888889,0.555556,0.541609,0.267236,0,0,0,128.333
124,93,3,5,2,1,4,3,4,1,1,0.666667,0.571201,0.698612,0,0,0,133.333
124,94,3,5,1,1,2,2,1,0.888889,0.888889,0.333333,0.525806,1.97743,0,0,0,137.778
124,95,3,1,1,1,2,1,2,1,1,0.333333,0.462874,0.476567,0,0,0,138.778
124,96,3,5,2,1,4,3,4,0.777778,0.777778,0.111111,0.416667,0.346794,0,0,0,142.667
124,97,3,5,2,1,4,4,3,0.555556,0.555556,0.111111,0.804101,0.448673,0,0,0,145.444
124,98,3,1,1,2,1,1,2,0.555556,0.666667,0.555556,1.07843,0.529363,0,0,0,146
124,99,3,5,2,2,3,3,4,0.333333,0.444444,0.333333,1.16646,0.436956,0,0,0,147.667
124,100,3,1,2,1,4,4,3,0.333333,0.333333,0.555556,0.958881,0.430353,0,0,0,148
124,101,3,1,2,2,3,3,4,0.222222,0.666667,0.222222,1.20331,0.401821,0,0,0,148.222
124,102,3,1,1,1,2,1,2,0.555556,0.555556,0.111111,1.126,0.403228,0,0,0,148.778
124,103,3,1,2,1,4,4,3,0,0.333333,0.333333,0.543945,-1,0,1,1,148.778
124,104,3,5,1,1,2,2,1,0.111111,0.111111,0.222222,0.727055,0.270175,0,0,0,149.333
124,105,4,1,1,1,2,1,2,0,0,0,0.522785,0.323043,0,0,0,149.333
124,106,4,5,1,2,1,2,1,0.111111,0.111111,0.111111,0.429139,0.256414,0,0,0,149.889
124,107,4,5,1,2,1,2,1,0.333333,0,0.333333,0.90125,0.358313,0,0,0,151.556
124,108,4,1,2,1,4,4,3,0,0,0,0.590649,0.351642,0,0,0,151.556
124,109,4,1,1,1,2,2,1,0,0,0.111111,0.930605,0.302059,0,0,0,151.556
124,110,4,1,1,2,1,2,1,0.222222,0.333333,0.222222,0.602988,0.371359,0,0,0,151.778
124,111,4,1,2,2,3,4,3,0.111111,0,0.111111,1.39271,0.235109,0,0,0,151.889
124,112,4,5,2,2,3,3,4,0,0.222222,0.222222,0.787256,-1,0,1,1,151.889
124,113,4,5,1,2,1,2,1,0.777778,0.333333,0.777778,0.508128,0.283668,0,0,0,155.778
124,114,4,5,1,2,1,1,2,0.777778,0.555556,0.777778,0.43488,0.180917,0,0,0,159.667
124,115,4,5,2,2,3,3,4,0.666667,0.666667,0.666667,0.635632,0.210453,0,0,0,163
124,116,4,5,1,2,1,2,1,0.555556,0.777778,0.555556,0.539556,0.319873,0,0,0,165.778
124,117,4,5,1,2,1,2,1,0.555556,1,0.555556,0.488272,0.586179,0,0,0,168.556
124,118,4,1,2,1,4,4,3,1,1,0.777778,0.851554,0.35011,0,0,0,169.556
124,119,4,1,2,1,4,4,3,1,1,0.444444,0.475317,0.313265,0,0,0,170.556
124,120,4,1,2,1,4,3,4,0.777778,0.777778,0.666667,0.517706,0.228918,0,0,0,171.333
124,121,4,1,1,1,2,1,2,1,1,0.444444,0.645841,0.391468,0,0,0,172.333
124,122,4,5,1,1,2,1,2,0.777778,0.777778,0.555556,0.751301,0.241584,0,0,0,176.222
124,123,4,5,2,2,3,3,4,1,0.777778,1,0.525798,1.30458,0,0,0,181.222
124,124,4,5,1,2,1,1,2,0.888889,0.888889,0.888889,0.353208,0.401422,0,0,0,185.667
124,125,4,1,2,1,4,3,4,0.888889,0.888889,0.888889,0.656409,0.409508,0,0,0,186.556
124,126,4,1,2,1,4,3,4,0.777778,0.777778,0.888889,0.52645,0.347316,0,0,0,187.333
124,127,4,1,1,1,2,1,2,1,1,1,0.693598,0.393093,0,0,0,188.333
124,128,4,5,1,1,2,1,2,0.666667,0.666667,0.888889,0.430445,0.351963,0,0,0,191.667
124,129,4,5,1,1,2,1,2,0.888889,0.888889,1,0.496143,0.366905,0,0,0,196.111
124,130,4,5,1,1,2,2,1,0.222222,0.222222,0.777778,0.449643,0.381866,0,0,0,197.222
124,131,4,5,2,2,3,4,3,0.666667,0.666667,0.666667,1.06114,0.431699,0,0,0,200.556
124,132,4,5,2,2,3,3,4,0.555556,0.777778,0.555556,1.09371,0.354543,0,0,0,203.333
124,133,4,5,1,2,1,2,1,0.666667,1,0.666667,0.561761,0.402406,0,0,0,206.667
124,134,4,5,1,2,1,1,2,0.666667,0.888889,0.666667,0.532758,0.351329,0,0,0,210
124,135,4,5,2,2,3,3,4,0.777778,1,0.777778,0.873741,0.317851,0,0,0,213.889
124,136,4,5,1,2,1,1,2,0.777778,1,0.777778,0.489247,0.391679,0,0,0,217.778
124,137,4,5,1,2,1,1,2,0.888889,0.888889,0.888889,0.446665,0.394167,0,0,0,222.222
124,138,4,5,2,2,3,3,4,0.888889,1,0.888889,0.797224,0.384637,0,0,0,226.667
124,139,4,1,2,1,4,3,4,0.777778,0.777778,0.666667,0.631152,0.356348,0,0,0,227.444
120,0,1,5,2,1,4,3,4,0.555556,0.555556,0.111111,0.887342,0.887801,0,0,0,2.77778
120,1,1,5,1,2,1,1,2,0.777778,0.666667,0.777778,0.873913,0.550773,0,0,0,6.66667
120,2,1,5,1,2,1,2,1,0.666667,0.222222,0.666667,0.807514,0.359098,0,0,0,10
120,3,1,1,1,1,2,2,1,0.333333,0.333333,0.444444,0.467281,0.435094,0,0,0,10.3333
120,4,1,1,1,1,2,1,2,0.111111,0.111111,0.777778,0.915064,0.337816,0,0,0,10.4444
120,5,1,5,2,1,4,4,3,0,0,0.333333,1.48748,0.151136,0,0,0,10.4444
120,6,1,1,1,2,1,1,2,0.333333,0,0.333333,0.915599,0.497305,0,0,0,10.7778
120,7,1,5,2,0,-1,3,4,0,0.111111,0.333333,-1,-1,1,0,1,10.7778
120,8,1,1,2,2,3,4,3,0.666667,0.333333,0.666667,0.726285,0.209548,0,0,0,11.4444
120,9,1,1,1,2,1,2,1,0.666667,0.444444,0.666667,0.82879,0.19127,0,0,0,12.1111
120,10,1,5,1,2,1,1,2,0.555556,0.666667,0.555556,0.451594,0.47769,0,0,0,14.8889
120,11,1,1,2,2,3,4,3,0.666667,0.888889,0.666667,0.880418,0.266478,0,0,0,15.5556
120,12,1,1,2,1,4,4,3,0.777778,0.777778,0.666667,0.76209,0.21589,0,0,0,16.3333
120,13,1,1,2,1,4,4,3,1,1,0.666667,0.306117,0.200573,0,0,0,17.3333
120,14,1,1,2,1,4,4,3,0.777778,0.777778,0.666667,0.455264,0.341618,0,0,0,18.1111
120,15,1,5,2,1,4,4,3,0.888889,0.888889,1,0.655389,0.212979,0,0,0,22.5556
120,16,1,5,1,1,2,1,2,0.777778,0.777778,0.666667,0.71226,0.258916,0,0,0,26.4444
120,17,1,5,1,1,2,1,2,0.666667,0.666667,0.888889,0.478363,0.30018,0,0,0,29.7778
120,18,1,5,2,1,4,3,4,0.555556,0.555556,1,0.661404,0.307392,0,0,0,32.5556
120,19,1,5,1,1,2,1,2,0.777778,0.777778,1,0.801489,0.378241,0,0,0,36.4444
120,20,1,1,2,1,4,4,3,0.555556,0.555556,0.666667,0.768586,0.242223,0,0,0,37
120,21,1,1,2,2,3,3,4,0.888889,0.555556,0.888889,0.692197,0.18804,0,0,0,37.8889
120,22,1,1,2,1,4,3,4,0.777778,0.777778,0.888889,0.801977,0.337577,0,0,0,38.6667
120,23,1,1,1,2,1,1,2,0.888889,0.777778,0.888889,0.468694,0.278864,0,0,0,39.5556
120,24,1,1,1,2,1,2,1,0.888889,0.777778,0.888889,1.34623,0.196892,0,0,0,40.4444
120,25,1,5,1,2,1,1,2,1,0.777778,1,0.666374,0.198792,0,0,0,45.4444
120,26,1,1,1,2,1,1,2,0.777778,0.555556,0.777778,0.680431,0.23843,0,0,0,46.2222
120,27,1,1,1,1,2,1,2,0.777778,0.777778,0.666667,0.317871,0.172999,0,0,0,47
120,28,1,5,2,1,4,3,4,0.666667,0.666667,0.888889,0.541008,0.241193,0,0,0,50.3333
120,29,1,5,2,2,3,4,3,0.888889,0.666667,0.888889,0.520066,0.244722,0,0,0,54.7778
120,30,1,5,2,2,3,4,3,0.777778,0.666667,0.777778,0.490968,0.413148,0,0,0,58.6667
120,31,1,5,2,2,3,4,3,0.777778,0.777778,0.777778,0.498359,0.258968,0,0,0,62.5556
120,32,1,5,2,2,3,3,4,0.666667,0.444444,0.666667,0.57015,0.216857,0,0,0,65.8889
120,33,1,5,1,1,2,1,2,0.222222,0.222222,0.777778,0.579141,0.36663,0,0,0,67
120,34,1,5,1,2,1,1,2,0.777778,0.222222,0.777778,0.567232,0.215174,0,0,0,70.8889
120,35,2,5,2,2,3,3,4,0.888889,0.333333,0.888889,0.684819,0.446018,0,0,0,75.3333
120,36,2,5,1,2,1,2,1,0.777778,0.333333,0.777778,0.615013,0.823311,0,0,0,79.2222
120,37,2,1,1,1,2,2,1,0.444444,0.444444,0.777778,0.536237,0.36805,0,0,0,79.6667
120,38,2,5,1,2,1,1,2,0.888889,0.888889,0.888889,0.579869,0.211237,0,0,0,84.1111
120,39,2,5,1,2,1,1,2,0.777778,0.444444,0.777778,0.603426,0.308516,0,0,0,88
120,40,2,1,1,2,1,1,2,0.666667,0.777778,0.666667,0.520049,0.291638,0,0,0,88.6667
120,41,2,1,2,1,4,4,3,0.888889,0.888889,0.777778,0.344309,0.342889,0,0,0,89.5556
120,42,2,5,1,1,2,2,1,0.444444,0.444444,0.444444,0.385624,0.728595,0,0,0,91.7778
120,43,2,5,2,2,3,4,3,0.555556,0.555556,0.555556,0.805041,0.305616,0,0,0,94.5556
120,44,2,1,1,1,2,1,2,0.222222,0.222222,0.111111,0.828606,0.213593,0,0,0,94.7778
120,45,2,1,2,2,3,3,4,0,0.444444,0.333333,0.566944,-1,0,1,1,94.7778
120,46,2,5,2,2,3,4,3,0.111111,0.444444,0.111111,0.512495,0.189493,0,0,0,95.3333
120,47,2,5,1,2,1,1,2,0.222222,0.666667,0.222222,0.517637,0.281661,0,0,0,96.4444
120,48,2,1,1,1,2,2,1,0.888889,0.888889,0.222222,0.641945,0.27144,0,0,0,97.3333
120,49,2,5,1,1,2,2,1,0.777778,0.777778,0.222222,0.403636,0.485676,0,0,0,101.222
120,50,2,5,2,1,4,3,4,0.888889,0.888889,0.444444,0.640294,0.300005,0,0,0,105.667
120,51,2,5,2,1,4,4,3,0.888889,0.888889,0.444444,0.473041,0.251153,0,0,0,110.111
120,52,2,1,2,1,4,4,3,0.555556,0.555556,0.333333,0.441237,0.172929,0,0,0,110.667
120,53,2,1,2,1,4,4,3,0.333333,0.333333,0,0.492138,0.133941,0,0,0,111
120,54,2,1,1,2,1,2,1,0.222222,0.222222,0.222222,0.590608,0.156479,0,0,0,111.222
120,55,2,1,1,1,2,1,2,0.111111,0.111111,0.444444,0.59385,0.523598,0,0,0,111.333
120,56,2,5,2,1,4,3,4,0.111111,0.111111,0.222222,0.854282,0.0043356,0,0,0,111.889
120,57,2,5,2,1,4,4,3,0.333333,0.333333,0.111111,0.609253,0.392231,0,0,0,113.556
120,58,2,5,1,2,1,2,1,0.222222,0.333333,0.222222,0.439951,0.205301,0,0,0,114.667
120,59,2,5,1,1,2,2,1,0.555556,0.555556,0.111111,0.62499,0.191422,0,0,0,117.444
120,60,2,5,1,1,2,1,2,0.777778,0.777778,0.222222,0.43878,0.25689,0,0,0,121.333
120,61,2,1,2,1,4,3,4,0.333333,0.333333,0.111111,0.716911,0.212257,0,0,0,121.667
120,62,2,5,1,1,2,2,1,0.111111,0.111111,0.111111,0.51633,0.195842,0,0,0,122.222
120,63,2,1,2,2,3,4,3,0.111111,0,0.111111,0.581879,0.278355,0,0,0,122.333
120,64,2,1,1,1,2,1,2,0.111111,0.111111,0,0.833638,0.245548,0,0,0,122.444
120,65,2,5,2,1,4,3,4,0.222222,0.222222,0.333333,0.613764,0.176578,0,0,0,123.556
120,66,2,1,1,2,1,1,2,0.222222,0.333333,0.222222,0.582916,0.200103,0,0,0,123.778
120,67,2,5,2,1,4,4,3,0.222222,0.222222,0,0.729629,0.197895,0,0,0,124.889
120,68,2,1,2,1,4,4,3,0.111111,0.111111,0,0.830273,0.216469,0,0,0,125
120,69,2,5,2,2,3,4,3,0.444444,0.111111,0.444444,0.707071,0.149378,0,0,0,127.222
120,70,3,5,1,2,1,2,1,0.444444,0,0.444444,0.626756,0.261019,0,0,0,129.444
120,71,3,5,2,1,4,4,3,0.333333,0.333333,0.888889,0.923995,0.184454,0,0,0,131.111
120,72,3,5,1,2,1,2,1,1,0.111111,1,0.491973,0.193467,0,0,0,136.111
120,73,3,1,2,2,3,4,3,0.888889,0.333333,0.888889,0.739661,0.156244,0,0,0,137
120,74,3,1,1,2,1,1,2,0.777778,0.666667,0.777778,0.614549,0.213061,0,0,0,137.778
120,75,3,5,1,2,1,1,2,0.666667,0.555556,0.666667,0.325983,1.88975,0,0,0,141.111
120,76,3,5,2,2,3,3,4,0.555556,0.333333,0.555556,0.478652,0.21967,0,0,0,143.889
120,77,3,5,2,2,3,3,4,0.777778,0.444444,0.777778,0.530865,0.166148,0,0,0,147.778
120,78,3,5,1,2,1,1,2,1,1,1,0.554001,0.207247,0,0,0,152.778
120,79,3,1,2,2,3,3,4,1,0.888889,1,0.577589,0.255283,0,0,0,153.778
120,80,3,1,2,1,4,3,4,0.888889,0.888889,0.888889,0.417033,0.121206,0,0,0,154.667
120,81,3,1,1,1,2,2,1,0.222222,0.222222,0.888889,0.679277,0.104089,0,0,0,154.889
120,82,3,5,1,2,1,1,2,0.777778,0,0.777778,0.405667,0.0239232,0,0,0,158.778
120,83,3,5,1,2,1,1,2,0.666667,0.111111,0.666667,0.537119,0.163516,0,0,0,162.111
120,84,3,1,2,2,3,4,3,0.666667,0.222222,0.666667,0.457482,0.429137,0,0,0,162.778
120,85,3,5,2,2,3,4,3,0.555556,0,0.555556,0.678883,0.241666,0,0,0,165.556
120,86,3,1,1,2,1,2,1,0.888889,0,0.888889,0.590089,0.000504706,0,0,0,166.444
120,87,3,1,2,2,3,3,4,0.888889,0.222222,0.888889,0.52212,0.000991594,0,0,0,167.333
120,88,3,5,1,2,1,1,2,0.888889,0.222222,0.888889,0.415745,0.367268,0,0,0,171.778
120,89,3,1,2,2,3,3,4,0.555556,0.222222,0.555556,0.515118,0.289091,0,0,0,172.333
120,90,3,5,2,1,4,4,3,0.555556,0.555556,0.333333,0.503549,0.163938,0,0,0,175.111
120,91,3,1,1,1,2,1,2,0.777778,0.777778,0.555556,0.505391,0.237714,0,0,0,175.889
120,92,3,5,2,1,4,4,3,1,1,0.777778,0.716928,0.301553,0,0,0,180.889
120,93,3,1,2,1,4,4,3,0.888889,0.888889,0.555556,0.495802,0.20851,0,0,0,181.778
120,94,3,1,1,1,2,2,1,0.888889,0.888889,0.777778,0.547327,0.571515,0,0,0,182.667
120,95,3,1,1,1,2,2,1,0.777778,0.777778,0.666667,0.58835,0.129686,0,0,0,183.444
120,96,3,1,2,1,4,3,4,0.666667,0.666667,0.666667,0.47965,0.221609,0,0,0,184.111
120,97,3,5,2,1,4,3,4,0.222222,0.222222,0.333333,0.497854,0.160848,0,0,0,185.222
120,98,3,1,2,2,3,4,3,0.444444,0.111111,0.444444,0.906005,0.148692,0,0,0,185.667
120,99,3,1,2,2,3,4,3,0.555556,0.333333,0.555556,0.573206,0.107131,0,0,0,186.222
120,100,3,5,1,2,1,2,1,0.444444,0.222222,0.444444,0.436617,0.162373,0,0,0,188.444
120,101,3,1,2,1,4,3,4,0.444444,0.444444,0.333333,0.611696,0.258704,0,0,0,188.889
120,102,3,5,2,1,4,3,4,0.333333,0.333333,0.555556,0.420502,0.166382,0,0,0,190.556
120,103,3,5,1,2,1,2,1,0.555556,0.555556,0.555556,0.496238,0.126446,0,0,0,193.333
120,104,3,5,2,2,3,3,4,0.777778,0.555556,0.777778,0.510425,0.123594,0,0,0,197.222
120,105,4,5,1,2,1,2,1,0.666667,0.444444,0.666667,0.440336,0.206969,0,0,0,200.556
120,106,4,1,1,1,2,1,2,0.666667,0.666667,0.444444,0.451215,0.176751,0,0,0,201.222
120,107,4,1,2,1,4,3,4,0.777778,0.777778,0.333333,0.601167,0.155711,0,0,0,202
120,108,4,5,2,2,3,4,3,0.444444,0.555556,0.444444,0.529835,0.000924861,0,0,0,204.222
120,109,4,5,2,2,3,4,3,0.444444,0.777778,0.444444,0.784092,0.147944,0,0,0,206.444
120,110,4,1,1,1,2,2,1,0.777778,0.777778,0.222222,0.504174,0.157846,0,0,0,207.222
120,111,4,5,2,1,4,3,4,0.777778,0.777778,0.222222,0.598836,0.0748818,0,0,0,211.111
120,112,4,1,2,1,4,3,4,0.777778,0.777778,0.333333,0.437004,0.0733724,0,0,0,211.889
120,113,4,5,2,1,4,3,4,0.777778,0.777778,0.222222,0.337073,0.153027,0,0,0,215.778
120,114,4,5,1,1,2,2,1,0.888889,0.888889,0.333333,0.939708,0.154193,0,0,0,220.222
120,115,4,1,2,1,4,4,3,0.777778,0.777778,0.333333,0.669704,0.082324,0,0,0,221
120,116,4,1,2,1,4,3,4,1,1,0.444444,0.346563,0.070756,0,0,0,222
120,117,4,5,1,1,2,1,2,0.444444,0.444444,0.666667,0.424603,0.0388859,0,0,0,224.222
120,118,4,1,2,2,3,4,3,0.888889,0.555556,0.888889,0.54383,0.0929513,0,0,0,225.111
120,119,4,5,1,2,1,1,2,0.888889,0.777778,0.888889,0.498986,0.282674,0,0,0,229.556
120,120,4,5,1,2,1,2,1,0.777778,0.888889,0.777778,0.356312,0.136721,0,0,0,233.444
120,121,4,1,2,2,3,3,4,0.333333,0.777778,0.333333,0.413248,0.21253,0,0,0,233.778
120,122,4,1,1,1,2,1,2,0.444444,0.444444,0.555556,0.365555,0.151284,0,0,0,234.222
120,123,4,1,2,1,4,4,3,0.555556,0.555556,0.444444,0.356369,0.15664,0,0,0,234.778
120,124,4,1,2,1,4,4,3,0.666667,0.666667,0.666667,0.359575,0.10802,0,0,0,235.444
120,125,4,5,2,1,4,3,4,0.888889,0.888889,0.777778,0.331305,0.161446,0,0,0,239.889
120,126,4,1,1,1,2,1,2,1,1,0.444444,0.470408,0.212851,0,0,0,240.889
120,127,4,5,2,1,4,3,4,0.888889,0.888889,0.222222,0.358512,0.194914,0,0,0,245.333
120,128,4,5,2,1,4,3,4,1,1,0.444444,0.434837,0.212814,0,0,0,250.333
120,129,4,5,1,1,2,1,2,0.888889,0.888889,0.555556,0.519003,0.0845737,0,0,0,254.778
120,130,4,5,2,1,4,4,3,1,1,0.555556,0.563555,0.259874,0,0,0,259.778
120,131,4,1,2,2,3,4,3,0.555556,0.888889,0.555556,0.526411,0.234913,0,0,0,260.333
120,132,4,1,2,2,3,4,3,0.888889,1,0.888889,0.412908,0.1762,0,0,0,261.222
120,133,4,1,1,1,2,1,2,1,1,0.888889,0.43028,0.0373686,0,0,0,262.222
120,134,4,5,1,1,2,2,1,0.888889,0.888889,0.777778,0.507024,0.113058,0,0,0,266.667
120,135,4,1,2,2,3,4,3,0.888889,0.777778,0.888889,0.475232,0.154248,0,0,0,267.556
120,136,4,5,1,2,1,2,1,0.888889,0.666667,0.888889,0.453963,0.177718,0,0,0,272
120,137,4,5,1,2,1,1,2,0.888889,0.777778,0.888889,0.519134,0.0976835,0,0,0,276.444
120,138,4,1,1,1,2,2,1,0.888889,0.888889,0.777778,0.573501,0.104292,0,0,0,277.333
120,139,4,1,2,1,4,4,3,0.777778,0.777778,0.888889,0.420434,0.181152,0,0,0,278.111
100,0,1,5,1,2,1,1,2,0.111111,0.888889,0.111111,1.13443,0.642349,0,0,0,0.555556
100,1,1,1,2,1,4,4,3,0.666667,0.666667,0.222222,1.09086,0.562838,0,0,0,1.22222
100,2,1,5,1,1,2,1,2,0.888889,0.888889,0.222222,1.09398,0.598291,0,0,0,5.66667
100,3,1,1,2,1,4,4,3,0.888889,0.888889,0.222222,0.977842,1.03282,0,0,0,6.55556
100,4,1,1,1,1,2,2,1,0.777778,0.777778,0,0.915877,1.53141,0,0,0,7.33333
100,5,1,1,1,1,2,1,2,0.666667,0.666667,0.111111,1.00962,0.520234,0,0,0,8
100,6,1,1,1,1,2,1,2,0.777778,0.777778,0.333333,0.630771,0.382079,0,0,0,8.77778
100,7,1,5,2,1,4,3,4,0.777778,0.777778,0.333333,0.699188,0.223629,0,0,0,12.6667
100,8,1,5,2,1,4,3,4,0.888889,0.888889,0.222222,0.443279,0.228892,0,0,0,17.1111
100,9,1,5,2,1,4,3,4,0.888889,0.888889,0.555556,0.46949,0.910642,0,0,0,21.5556
100,10,1,5,1,1,2,1,2,0.888889,0.888889,0.222222,0.930199,0.657381,0,0,0,26
100,11,1,1,1,1,2,1,2,0.777778,0.777778,0.111111,0.599822,0.535774,0,0,0,26.7778
100,12,1,1,1,1,2,1,2,0.777778,0.777778,0.111111,1.87128,0.384098,0,0,0,27.5556
100,13,1,1,2,1,4,3,4,0,0.777778,0.111111,0.409299,-1,0,1,1,27.5556
100,14,1,1,2,2,3,3,4,0.222222,1,0.222222,1.41735,0.598261,0,0,0,27.7778
100,15,1,5,2,1,4,4,3,0.666667,0.666667,0.444444,0.555178,0.261266,0,0,0,31.1111
100,16,1,1,2,1,4,3,4,0.666667,0.666667,0.333333,0.50985,0.443425,0,0,0,31.7778
100,17,1,5,2,1,4,4,3,1,1,0.666667,0.397202,0.451296,0,0,0,36.7778
100,18,1,5,2,1,4,4,3,0.777778,0.777778,0.666667,0.372595,0.995424,0,0,0,40.6667
100,19,1,1,2,1,4,4,3,0.888889,0.888889,0.111111,0.370265,0.414335,0,0,0,41.5556
100,20,1,1,1,1,2,1,2,0.555556,0.555556,0.111111,0.862087,0.291729,0,0,0,42.1111
100,21,1,1,1,1,2,2,1,0.888889,0.888889,0.111111,0.73061,0.334337,0,0,0,43
100,22,1,1,2,1,4,4,3,0.888889,0.888889,0,0.487881,0.2233,0,0,0,43.8889
100,23,1,5,2,1,4,4,3,0.888889,0.888889,0.222222,0.478771,0.259227,0,0,0,48.3333
100,24,1,1,2,1,4,3,4,0.888889,0.888889,0.111111,0.392892,0.40609,0,0,0,49.2222
100,25,1,1,1,1,2,1,2,1,1,0.333333,0.569928,0.377145,0,0,0,50.2222
100,26,1,1,2,1,4,3,4,0.777778,0.777778,0.444444,0.359801,0.354378,0,0,0,51
100,27,1,5,2,1,4,4,3,0.444444,0.444444,0.222222,0.347808,0.377222,0,0,0,53.2222
100,28,1,5,2,1,4,3,4,0.111111,0.111111,0.111111,0.600646,0.661639,0,0,0,53.7778
100,29,1,1,1,2,1,1,2,0.444444,0.111111,0.444444,0.805951,0.223009,0,0,0,54.2222
100,30,1,5,1,2,1,2,1,0.333333,0.111111,0.333333,1.06845,0.375917,0,0,0,55.8889
100,31,1,1,2,2,3,4,3,0.444444,0.222222,0.444444,0.800119,0.416976,0,0,0,56.3333
100,32,1,1,1,1,2,2,1,0.111111,0.111111,0.222222,0.566733,0.21046,0,0,0,56.4444
100,33,1,5,1,2,1,2,1,0.222222,0,0.222222,0.709169,0.314941,0,0,0,57.5556
100,34,1,1,2,2,3,3,4,0.222222,0.111111,0.222222,0.929789,0.261349,0,0,0,57.7778
100,35,2,5,1,2,1,2,1,0.111111,0.333333,0.111111,1.05049,0.659842,0,0,0,58.3333
100,36,2,5,1,1,2,2,1,0.555556,0.555556,0,0.978344,0.269193,0,0,0,61.1111
100,37,2,5,2,1,4,3,4,0.111111,0.111111,0,0.814233,0.710578,0,0,0,61.6667
100,38,2,5,2,2,3,3,4,0.222222,0.222222,0.222222,0.749844,0.263869,0,0,0,62.7778
100,39,2,5,1,1,2,2,1,0.111111,0.111111,0.111111,0.952803,0.276571,0,0,0,63.3333
100,40,2,1,2,2,3,3,4,0.111111,0.333333,0.111111,0.879917,0.236665,0,0,0,63.4444
100,41,2,5,2,2,3,3,4,0.222222,0.444444,0.222222,0.831197,0.412765,0,0,0,64.5556
100,42,2,5,2,2,3,4,3,0.666667,0.333333,0.666667,0.854357,0.404566,0,0,0,67.8889
100,43,2,5,2,2,3,3,4,0.888889,0.777778,0.888889,0.596472,0.396635,0,0,0,72.3333
100,44,2,1,2,2,3,4,3,0.888889,0.777778,0.888889,0.777047,0.385366,0,0,0,73.2222
100,45,2,1,1,2,1,2,1,0.888889,0.444444,0.888889,0.955738,0.662225,0,0,0,74.1111
100,46,2,5,2,2,3,3,4,0.777778,0.111111,0.777778,0.613625,0.421732,0,0,0,78
100,47,2,1,1,2,1,1,2,0.888889,0.111111,0.888889,0.717773,0.324995,0,0,0,78.8889
100,48,2,1,1,2,1,1,2,0.888889,0.111111,0.888889,0.780054,0.221984,0,0,0,79.7778
100,49,2,1,1,2,1,2,1,0.777778,0.222222,0.777778,0.608576,0.305525,0,0,0,80.5556
100,50,2,5,1,2,1,1,2,0.666667,0.111111,0.666667,0.471865,0.355272,0,0,0,83.8889
100,51,2,1,1,2,1,1,2,0.777778,0.111111,0.777778,0.397952,0.435606,0,0,0,84.6667
100,52,2,1,2,1,4,3,4,0.111111,0.111111,0.666667,0.514747,0.327434,0,0,0,84.7778
100,53,2,1,1,2,1,1,2,0.555556,0,0.555556,0.657248,0.399459,0,0,0,85.3333
100,54,2,1,1,2,1,2,1,0.555556,0.111111,0.555556,0.634247,0.363063,0,0,0,85.8889
100,55,2,1,2,2,3,3,4,0.444444,0.333333,0.444444,0.766936,0.274793,0,0,0,86.3333
100,56,2,1,2,2,3,4,3,0.555556,0.444444,0.555556,0.681378,0.486561,0,0,0,86.8889
100,57,2,5,2,2,3,3,4,0.444444,0.333333,0.444444,0.634512,0.242594,0,0,0,89.1111
100,58,2,1,2,2,3,4,3,0.222222,0.333333,0.222222,0.868703,0.623733,0,0,0,89.3333
100,59,2,5,1,2,1,2,1,0.222222,0.444444,0.222222,0.614721,0.227085,0,0,0,90.4444
100,60,2,5,2,1,4,3,4,0.444444,0.444444,0.222222,0.995623,0.434961,0,0,0,92.6667
100,61,2,5,2,1,4,4,3,0,0,0.111111,0.668423,0.258001,0,0,0,92.6667
100,62,2,1,2,1,4,4,3,0,0,0.444444,0.466513,0.239719,0,0,0,92.6667
100,63,2,1,2,2,3,4,3,0,0.333333,0,0.439379,0.264747,0,0,0,92.6667
100,64,2,1,1,2,1,2,1,0.111111,0.666667,0.111111,0.510597,0.299724,0,0,0,92.7778
100,65,2,1,2,1,4,3,4,0.555556,0.555556,0.333333,0.729342,0.236899,0,0,0,93.3333
100,66,2,5,2,1,4,3,4,0.777778,0.777778,0.333333,0.363581,0.197195,0,0,0,97.2222
100,67,2,1,1,1,2,1,2,0.777778,0.777778,0.555556,0.938621,0.219263,0,0,0,98
100,68,2,5,1,1,2,1,2,0.333333,0.333333,0.555556,0.775723,0.200326,0,0,0,99.6667
100,69,2,1,2,1,4,4,3,0.333333,0.333333,0.777778,0.645052,0.205991,0,0,0,100
100,70,3,1,1,1,2,2,1,0.222222,0.222222,0.444444,0.55442,0.234371,0,0,0,100.222
100,71,3,1,1,2,1,2,1,0.222222,0.444444,0.222222,0.562307,0.361652,0,0,0,100.444
100,72,3,1,2,1,4,3,4,0.555556,0.555556,0.444444,0.618813,0.280007,0,0,0,101
100,73,3,5,1,1,2,2,1,0.777778,0.777778,0.111111,0.514549,0.313554,0,0,0,104.889
100,74,3,5,2,1,4,3,4,0.666667,0.666667,0,0.776216,0.184952,0,0,0,108.222
100,75,3,5,1,1,2,1,2,0.555556,0.555556,0.222222,0.849311,0.320093,0,0,0,111
100,76,3,1,1,1,2,1,2,0.666667,0.666667,0.222222,0.561779,0.207208,0,0,0,111.667
100,77,3,5,2,1,4,3,4,0.333333,0.333333,0.111111,0.425685,0.208531,0,0,0,113.333
100,78,3,1,1,1,2,2,1,0.222222,0.222222,0.333333,0.533882,0.475128,0,0,0,113.556
100,79,3,5,1,2,1,2,1,0.333333,0.777778,0.333333,0.440637,0.192852,0,0,0,115.222
100,80,3,5,2,2,3,3,4,0.666667,0.666667,0.666667,1.21413,0.224909,0,0,0,118.556
100,81,3,1,1,2,1,2,1,0.777778,0.666667,0.777778,0.477511,0.204116,0,0,0,119.333
100,82,3,5,2,2,3,3,4,1,0.555556,1,0.765136,0.219917,0,0,0,124.333
100,83,3,1,2,2,3,3,4,0.666667,0.666667,0.666667,0.752435,0.306351,0,0,0,125
100,84,3,5,2,2,3,4,3,0,0.888889,0.444444,0.865116,-1,0,1,1,125
100,85,3,1,1,2,1,2,1,0.333333,1,0.333333,0.696481,0.205251,0,0,0,125.333
100,86,3,5,2,2,3,3,4,0.888889,0.777778,0.888889,0.542984,0.284744,0,0,0,129.778
100,87,3,5,2,2,3,3,4,0.888889,0.777778,0.888889,0.578218,0.2326,0,0,0,134.222
100,88,3,5,1,2,1,1,2,1,0.777778,1,0.452153,0.38049,0,0,0,139.222
100,89,3,1,1,2,1,2,1,0.777778,0.666667,0.777778,0.505304,0.224928,0,0,0,140
100,90,3,5,2,2,3,3,4,0.555556,0.555556,0.555556,0.675687,0.28817,0,0,0,142.778
100,91,3,1,2,2,3,3,4,0.666667,0.444444,0.666667,0.617019,0.451491,0,0,0,143.444
100,92,3,5,1,2,1,2,1,0.666667,0.222222,0.666667,0.555767,0.386179,0,0,0,146.778
100,93,3,1,2,2,3,4,3,0.666667,0.222222,0.666667,0.564207,0.225542,0,0,0,147.444
100,94,3,1,2,2,3,3,4,0.666667,0.444444,0.666667,0.710741,0.316538,0,0,0,148.111
100,95,3,5,2,2,3,3,4,0.888889,0.666667,0.888889,0.81281,0.216411,0,0,0,152.556
100,96,3,5,1,2,1,1,2,0.555556,0.777778,0.555556,0.625124,0.559498,0,0,0,155.333
100,97,3,1,2,2,3,3,4,0.111111,0.555556,0.111111,0.834061,0.21096,0,0,0,155.444
100,98,3,5,1,1,2,1,2,0.666667,0.666667,0,0.600107,0.244141,0,0,0,158.778
100,99,3,5,1,1,2,2,1,1,1,0.555556,0.584908,0.295883,0,0,0,163.778
100,100,3,5,2,1,4,3,4,0.888889,0.888889,0.888889,0.574761,0.367139,0,0,0,168.222
100,101,3,1,1,1,2,2,1,1,1,0.222222,0.5416,0.273238,0,0,0,169.222
100,102,3,5,2,1,4,3,4,0.888889,0.888889,0,0.705323,0.290569,0,0,0,173.667
100,103,3,1,2,1,4,3,4,0.777778,0.777778,0,0.465166,0.428803,0,0,0,174.444
100,104,3,5,2,1,4,3,4,0.888889,0.888889,0.444444,0.557638,0.145079,0,0,0,178.889
100,105,4,1,1,2,1,2,1,0.333333,0.666667,0.333333,0.41396,0.404671,0,0,0,179.222
100,106,4,1,1,1,2,1,2,0.444444,0.444444,0,0.791409,0.393785,0,0,0,179.667
100,107,4,1,1,1,2,2,1,0.666667,0.666667,0.111111,0.589388,0.270603,0,0,0,180.333
100,108,4,5,1,1,2,1,2,0.777778,0.777778,0,0.682985,0.383139,0,0,0,184.222
100,109,4,5,1,1,2,1,2,0.333333,0.333333,0.111111,0.578612,0.494089,0,0,0,185.889
100,110,4,5,1,1,2,1,2,0.444444,0.444444,0.111111,0.588655,0.747346,0,0,0,188.111
100,111,4,5,1,1,2,1,2,0.111111,0.111111,0.222222,0.490279,0.224707,0,0,0,188.667
100,112,4,1,1,1,2,2,1,0.111111,0.111111,0.555556,0.429856,0.215174,0,0,0,188.778
100,113,4,5,2,2,3,3,4,0.666667,0,0.666667,0.761255,0.237359,0,0,0,192.111
100,114,4,1,2,2,3,3,4,0.111111,0.111111,0.111111,0.63898,0.425217,0,0,0,192.222
100,115,4,5,1,1,2,2,1,0.444444,0.444444,0.333333,0.483925,0.282658,0,0,0,194.444
100,116,4,5,2,1,4,3,4,0.111111,0.111111,0.333333,0.651894,0.196384,0,0,0,195
100,117,4,5,2,2,3,3,4,0.444444,0.222222,0.444444,0.592869,0.18421,0,0,0,197.222
100,118,4,5,1,2,1,2,1,0.222222,0.444444,0.222222,0.982492,0.235555,0,0,0,198.333
100,119,4,1,1,2,1,2,1,0.555556,0.777778,0.555556,0.512245,0.254819,0,0,0,198.889
100,120,4,5,2,2,3,4,3,0.444444,0.666667,0.444444,1.22373,0.222996,0,0,0,201.111
100,121,4,5,2,2,3,4,3,0.444444,0.666667,0.444444,0.710503,0.230511,0,0,0,203.333
100,122,4,5,1,2,1,2,1,0.333333,0.333333,0.333333,0.565587,0.19903,0,0,0,205
100,123,4,5,1,1,2,2,1,0.333333,0.333333,0.111111,0.563713,0.230596,0,0,0,206.667
100,124,4,1,1,1,2,2,1,0.444444,0.444444,0.444444,0.497217,0.380337,0,0,0,207.111
100,125,4,1,1,1,2,1,2,0.333333,0.333333,0.666667,0.662436,0.291364,0,0,0,207.444
100,126,4,1,1,1,2,2,1,0.333333,0.333333,0.777778,0.584743,0.162939,0,0,0,207.778
100,127,4,5,1,1,2,2,1,0.222222,0.222222,0.333333,0.495057,0.193874,0,0,0,208.889
100,128,4,1,1,2,1,1,2,0.333333,0.111111,0.333333,0.691627,0.212363,0,0,0,209.222
100,129,4,5,1,2,1,1,2,0.555556,0.222222,0.555556,0.419642,0.309475,0,0,0,212
100,130,4,1,1,2,1,1,2,0.777778,0.111111,0.777778,0.384516,0.179344,0,0,0,212.778
100,131,4,1,1,2,1,1,2,0.888889,0.111111,0.888889,0.61699,0.192646,0,0,0,213.667
100,132,4,5,2,2,3,4,3,0.777778,0,0.777778,0.663027,0.220967,0,0,0,217.556
100,133,4,1,2,2,3,3,4,1,0.111111,1,0.444868,0.36758,0,0,0,218.556
100,134,4,1,2,2,3,3,4,0.888889,0.111111,0.888889,0.3949,0.271636,0,0,0,219.444
100,135,4,1,2,2,3,4,3,0.666667,0.444444,0.666667,0.54395,0.24336,0,0,0,220.111
100,136,4,1,2,2,3,4,3,0.888889,0.333333,0.888889,1.11863,0.225049,0,0,0,221
100,137,4,1,1,2,1,2,1,0.777778,0.333333,0.777778,0.69905,0.370279,0,0,0,221.778
100,138,4,5,1,2,1,1,2,1,0.333333,1,0.600231,0.233591,0,0,0,226.778
100,139,4,1,1,2,1,1,2,1,0.555556,1,0.575878,0.202695,0,0,0,227.778
105,0,1,5,2,1,4,3,4,0,0.777778,0,1.34484,-1,0,1,1,0
105,1,1,1,1,2,1,1,2,0.111111,0.666667,0.111111,1.33382,0.659472,0,0,0,0.111111
105,2,1,5,2,1,4,3,4,0.777778,0.777778,0.555556,0.611849,0.24005,0,0,0,4
105,3,1,5,2,1,4,4,3,0.444444,0.444444,0.555556,0.479765,0.39133,0,0,0,6.22222
105,4,1,5,2,2,3,4,3,0.333333,0.444444,0.333333,1.33497,0.275298,0,0,0,7.88889
105,5,1,5,2,1,4,3,4,0.444444,0.444444,0.222222,1.0774,0.807333,0,0,0,10.1111
105,6,1,5,1,1,2,2,1,0,0,0.333333,1.24726,0.35226,0,0,0,10.1111
105,7,1,1,2,2,3,4,3,0,0,0,0.534619,0.211497,0,0,0,10.1111
105,8,1,5,1,1,2,1,2,0.333333,0.333333,0.333333,1.41505,0.285793,0,0,0,11.7778
105,9,1,1,2,1,4,3,4,0.333333,0.333333,0.111111,1.67506,0.331986,0,0,0,12.1111
105,10,1,1,1,2,1,1,2,0.333333,0.333333,0.333333,0.960707,0.389551,0,0,0,12.4444
105,11,1,1,2,2,3,4,3,0.777778,0.111111,0.777778,1.13346,0.402743,0,0,0,13.2222
105,12,1,1,1,2,1,2,1,0,0.333333,0.666667,0.578486,-1,0,1,1,13.2222
105,13,1,1,2,2,3,3,4,0.888889,0.666667,0.888889,0.984253,0.34199,0,0,0,14.1111
105,14,1,1,2,2,3,4,3,0.888889,0.444444,0.888889,0.642792,0.52645,0,0,0,15
105,15,1,1,2,2,3,3,4,0.888889,0.666667,0.888889,0.530487,0.480629,0,0,0,15.8889
105,16,1,5,2,2,3,3,4,0.555556,0.444444,0.555556,0.577072,0.242448,0,0,0,18.6667
105,17,1,5,2,2,3,3,4,0.333333,0.555556,0.333333,0.604668,0.220961,0,0,0,20.3333
105,18,1,1,1,1,2,2,1,0.444444,0.444444,0.333333,0.705265,0.373252,0,0,0,20.7778
105,19,1,5,2,1,4,3,4,0.444444,0.444444,0.555556,0.624711,0.38014,0,0,0,23
105,20,1,1,1,1,2,1,2,0.555556,0.555556,0.666667,0.513415,0.289721,0,0,0,23.5556
105,21,1,5,2,1,4,3,4,0.777778,0.777778,0.777778,1.41088,0.288071,0,0,0,27.4444
105,22,1,5,1,1,2,2,1,0.888889,0.888889,0.777778,0.857157,0.38914,0,0,0,31.8889
105,23,1,5,1,1,2,1,2,0.888889,0.888889,0.555556,0.648434,0.362097,0,0,0,36.3333
105,24,1,1,1,1,2,2,1,0.888889,0.888889,0.444444,1.17918,0.541643,0,0,0,37.2222
105,25,1,5,1,1,2,1,2,0.888889,0.888889,0.222222,0.859346,0.473461,0,0,0,41.6667
105,26,1,5,1,1,2,1,2,0.666667,0.666667,0.222222,1.18934,0.229453,0,0,0,45
105,27,1,5,1,1,2,2,1,0.777778,0.777778,0.222222,0.826669,0.351384,0,0,0,48.8889
105,28,1,1,1,1,2,1,2,0.333333,0.333333,0.444444,0.743919,0.268387,0,0,0,49.2222
105,29,1,5,1,2,1,1,2,0.222222,0.333333,0.222222,1.28847,0.548291,0,0,0,50.3333
105,30,1,1,2,2,3,3,4,0.222222,0.777778,0.222222,0.679566,0.551757,0,0,0,50.5556
105,31,1,5,2,1,4,4,3,0.888889,0.888889,0,0.876378,0.393124,0,0,0,55
105,32,1,5,1,1,2,2,1,0.777778,0.777778,0.111111,1.62376,0.441507,0,0,0,58.8889
105,33,1,5,2,1,4,3,4,0.888889,0.888889,0.111111,0.558035,0.279853,0,0,0,63.3333
105,34,1,1,1,1,2,1,2,0.444444,0.444444,0.222222,0.621263,0.249715,0,0,0,63.7778
105,35,2,1,1,2,1,2,1,0.444444,0.111111,0.444444,0.719493,0.202744,0,0,0,64.2222
105,36,2,1,2,1,4,3,4,0.444444,0.444444,0.222222,1.11811,0.371069,0,0,0,64.6667
105,37,2,5,1,1,2,2,1,0.444444,0.444444,0.333333,0.924026,0.468084,0,0,0,66.8889
105,38,2,1,1,2,1,1,2,0.555556,0.888889,0.555556,0.690866,0.327561,0,0,0,67.4444
105,39,2,5,2,2,3,3,4,0.444444,0.555556,0.444444,1.53394,0.570458,0,0,0,69.6667
105,40,2,1,1,2,1,1,2,0.444444,0.555556,0.444444,0.762912,0.336571,0,0,0,70.1111
105,41,2,5,1,1,2,1,2,0.444444,0.444444,0.666667,0.833895,0.40252,0,0,0,72.3333
105,42,2,5,2,1,4,4,3,0.444444,0.444444,0.444444,0.919343,0.419286,0,0,0,74.5556
105,43,2,1,1,2,1,2,1,0.555556,0.666667,0.555556,0.700931,0.247423,0,0,0,75.1111
105,44,2,5,1,2,1,1,2,0.666667,0.333333,0.666667,0.679394,0.701129,0,0,0,78.4444
105,45,2,1,2,2,3,3,4,0.555556,0.333333,0.555556,0.724776,0.319943,0,0,0,79
105,46,2,1,2,2,3,4,3,0.888889,0.333333,0.888889,0.560179,0.430438,0,0,0,79.8889
105,47,2,5,1,2,1,1,2,0.666667,0.222222,0.666667,0.748622,0.249417,0,0,0,83.2222
105,48,2,5,1,2,1,1,2,0.888889,0.333333,0.888889,0.838992,0.285105,0,0,0,87.6667
105,49,2,1,1,2,1,1,2,0.777778,0.444444,0.777778,0.611229,0.749601,0,0,0,88.4444
105,50,2,1,1,1,2,2,1,0.333333,0.333333,0.444444,1.04668,0.266785,0,0,0,88.7778
105,51,2,5,2,2,3,3,4,0.666667,0.111111,0.666667,0.612761,0.513696,0,0,0,92.1111
105,52,2,5,1,2,1,2,1,0.666667,0.333333,0.666667,1.20999,0.54118,0,0,0,95.4444
105,53,2,5,1,2,1,2,1,0.555556,0.333333,0.555556,0.921064,0.555239,0,0,0,98.2222
105,54,2,1,2,1,4,3,4,0.222222,0.222222,0.555556,1.30711,0.29283,0,0,0,98.4444
105,55,2,1,1,1,2,1,2,0.222222,0.222222,1,0.658745,0.645331,0,0,0,98.6667
105,56,2,5,2,2,3,4,3,0.666667,0.333333,0.666667,1.07057,0.651974,0,0,0,102
105,57,2,1,2,2,3,4,3,0.444444,0.333333,0.444444,0.646924,0.579321,0,0,0,102.444
105,58,2,1,1,1,2,1,2,0.222222,0.222222,0.555556,0.949407,1.9418,0,0,0,102.667
105,59,2,1,1,1,2,1,2,0.222222,0.222222,0.333333,0.90218,0.347855,0,0,0,102.889
105,60,2,5,1,2,1,1,2,0.333333,0.111111,0.333333,0.848714,0.722951,0,0,0,104.556
105,61,2,1,1,2,1,1,2,0.222222,0.111111,0.222222,0.555099,0.297243,0,0,0,104.778
105,62,2,5,2,1,4,3,4,0.111111,0.111111,0.222222,0.752854,0.245729,0,0,0,105.333
105,63,2,5,2,2,3,3,4,0.111111,0.111111,0.111111,0.76252,0.427552,0,0,0,105.889
105,64,2,5,2,1,4,4,3,0.333333,0.333333,0.222222,0.937569,0.209987,0,0,0,107.556
105,65,2,5,1,1,2,1,2,0.222222,0.222222,0.222222,0.540151,0.288093,0,0,0,108.667
105,66,2,1,1,1,2,2,1,0.111111,0.111111,0.222222,0.971263,0.283176,0,0,0,108.778
105,67,2,5,1,2,1,1,2,0.222222,0,0.222222,1.43677,0.525461,0,0,0,109.889
105,68,2,5,2,2,3,3,4,0.444444,0.111111,0.444444,0.796047,0.707443,0,0,0,112.111
105,69,2,1,2,1,4,3,4,0.111111,0.111111,0.666667,0.745637,0.260034,0,0,0,112.222
105,70,3,1,1,2,1,2,1,0.888889,0.111111,0.888889,0.847774,1.0036,0,0,0,113.111
105,71,3,1,2,2,3,4,3,1,0.222222,1,0.617807,0.410268,0,0,0,114.111
105,72,3,5,1,2,1,1,2,0.888889,0.222222,0.888889,1.77453,0.3028,0,0,0,118.556
105,73,3,1,2,2,3,3,4,0.777778,0.444444,0.777778,0.642639,0.411144,0,0,0,119.333
105,74,3,1,2,2,3,3,4,0.555556,0.777778,0.555556,0.693371,0.282329,0,0,0,119.889
105,75,3,5,2,2,3,4,3,0.555556,0.222222,0.555556,1.0429,0.64362,0,0,0,122.667
105,76,3,1,1,2,1,1,2,0.666667,0.111111,0.666667,0.629931,0.284179,0,0,0,123.333
105,77,3,5,1,2,1,2,1,0.888889,0,0.888889,1.04786,0.5297,0,0,0,127.778
105,78,3,1,1,2,1,2,1,0.777778,0.222222,0.777778,0.961948,0.513341,0,0,0,128.556
105,79,3,5,2,2,3,3,4,0.888889,0.111111,0.888889,1.00106,0.25211,0,0,0,133
105,80,3,1,2,2,3,3,4,0.666667,0.222222,0.666667,0.629096,0.77651,0,0,0,133.667
105,81,3,5,2,2,3,3,4,1,0.444444,1,0.464058,0.28872,0,0,0,138.667
105,82,3,1,1,2,1,2,1,0.888889,0.888889,0.888889,0.83681,0.283564,0,0,0,139.556
105,83,3,5,1,2,1,1,2,0.666667,0.888889,0.666667,1.1601,0.258411,0,0,0,142.889
105,84,3,1,1,2,1,1,2,0.777778,1,0.777778,0.782616,0.415308,0,0,0,143.667
105,85,3,5,2,2,3,4,3,0.555556,0.888889,0.555556,0.552267,0.321568,0,0,0,146.444
105,86,3,5,1,2,1,1,2,0.444444,0.666667,0.444444,0.590759,0.360874,0,0,0,148.667
105,87,3,1,1,1,2,1,2,0.666667,0.666667,0.444444,0.735357,0.25779,0,0,0,149.333
105,88,3,1,2,1,4,4,3,0.888889,0.888889,0.777778,0.635393,0.465563,0,0,0,150.222
105,89,3,1,1,1,2,1,2,0.666667,0.666667,1,0.580942,0.616584,0,0,0,150.889
105,90,3,1,1,1,2,2,1,0.888889,0.888889,0.555556,0.656286,0.628386,0,0,0,151.778
105,91,3,5,2,1,4,4,3,0.777778,0.777778,0.555556,0.984403,0.470213,0,0,0,155.667
105,92,3,5,1,0,-1,2,1,0,0.777778,0.333333,-1,-1,1,0,1,155.667
105,93,3,1,2,1,4,4,3,0.888889,0.888889,0.111111,0.607455,0.48239,0,0,0,156.556
105,94,3,1,2,1,4,4,3,0.888889,0.888889,0.222222,0.805329,0.520008,0,0,0,157.444
105,95,3,1,1,1,2,1,2,1,1,0.222222,0.699186,0.578519,0,0,0,158.444
105,96,3,1,2,1,4,3,4,1,1,0.333333,0.621177,0.469428,0,0,0,159.444
105,97,3,1,1,1,2,1,2,0.888889,0.888889,0,0.73728,0.331104,0,0,0,160.333
105,98,3,5,1,1,2,2,1,0.777778,0.777778,0.444444,0.960474,0.407683,0,0,0,164.222
105,99,3,1,1,1,2,2,1,0.777778,0.777778,0.777778,1.00442,0.800227,0,0,0,165
105,100,3,1,2,1,4,3,4,0.666667,0.666667,0.555556,0.594162,0.826312,0,0,0,165.667
105,101,3,1,2,1,4,4,3,0.666667,0.666667,0.666667,1.71882,0.264464,0,0,0,166.333
105,102,3,5,2,1,4,3,4,0.777778,0.777778,0.888889,0.436553,0.26796,0,0,0,170.222
105,103,3,5,2,1,4,3,4,0.777778,0.777778,0.888889,0.546187,0.774354,0,0,0,174.111
105,104,3,1,2,2,3,3,4,1,1,1,0.934837,0.711158,0,0,0,175.111
105,105,4,1,2,2,3,4,3,0.777778,1,0.777778,1.31751,0.618618,0,0,0,175.889
105,106,4,5,1,2,1,1,2,1,0.888889,1,0.821802,0.393608,0,0,0,180.889
105,107,4,5,2,2,3,3,4,0.888889,0.777778,0.888889,0.50805,0.32359,0,0,0,185.333
105,108,4,5,1,2,1,2,1,0.777778,0.777778,0.777778,1.02744,1.10611,0,0,0,189.222
105,109,4,5,2,2,3,4,3,0.888889,0.666667,0.888889,0.633429,0.31368,0,0,0,193.667
105,110,4,1,1,1,2,2,1,0.444444,0.444444,0.666667,0.776797,0.253136,0,0,0,194.111
105,111,4,1,2,2,3,3,4,0.777778,0.888889,0.777778,0.625541,0.291786,0,0,0,194.889
105,112,4,1,2,2,3,3,4,0.666667,0.777778,0.666667,0.623131,0.628745,0,0,0,195.556
105,113,4,1,1,2,1,1,2,0.666667,0.888889,0.666667,0.544366,0.360484,0,0,0,196.222
105,114,4,5,1,2,1,1,2,0.666667,0.888889,0.666667,0.619133,0.652783,0,0,0,199.556
105,115,4,1,1,1,2,1,2,0.666667,0.666667,0.444444,0.802268,0.391391,0,0,0,200.222
105,116,4,1,2,2,3,4,3,0.555556,0,0.555556,1.01161,0.824998,0,0,0,200.778
105,117,4,5,1,1,2,1,2,0.333333,0.333333,0.555556,0.793648,0.410907,0,0,0,202.444
105,118,4,5,2,2,3,4,3,0.666667,0.111111,0.666667,0.579829,0.488843,0,0,0,205.778
105,119,4,5,2,2,3,4,3,0.555556,0.111111,0.555556,0.608087,0.433494,0,0,0,208.556
105,120,4,1,1,2,1,2,1,0,0.111111,0,0.783846,0.591075,0,0,0,208.556
105,121,4,1,1,1,2,1,2,0.222222,0.222222,0,0.658014,0.735011,0,0,0,208.778
105,122,4,5,2,2,3,4,3,0.111111,0.333333,0.111111,0.575619,0.240029,0,0,0,209.333
105,123,4,5,2,1,4,4,3,0.444444,0.444444,0.222222,0.664524,0.388774,0,0,0,211.556
105,124,4,1,1,1,2,2,1,0.444444,0.444444,0.111111,1.01651,0.41548,0,0,0,212
105,125,4,5,2,1,4,4,3,0.444444,0.444444,0.111111,0.575462,0.305427,0,0,0,214.222
105,126,4,5,2,1,4,3,4,0.222222,0.222222,0.222222,1.02528,0.536248,0,0,0,215.333
105,127,4,1,2,1,4,3,4,0.111111,0.111111,0,1.29109,0.747598,0,0,0,215.444
105,128,4,1,2,2,3,3,4,0,0,0,0.501828,0.235573,0,0,0,215.444
105,129,4,5,2,1,4,4,3,0.222222,0.222222,0,0.630806,0.544252,0,0,0,216.556
105,130,4,1,2,2,3,3,4,0,0.111111,0.111111,0.475487,-1,0,1,1,216.556
105,131,4,5,2,1,4,3,4,0,0,0,0.475819,0.347085,0,0,0,216.556
105,132,4,1,1,2,1,1,2,0.333333,0.555556,0.333333,0.673168,0.244789,0,0,0,216.889
105,133,4,1,2,2,3,4,3,0.111111,0.555556,0.111111,1.14732,0.566843,0,0,0,217
105,134,4,5,2,2,3,4,3,0.111111,0.666667,0.111111,0.39591,0.338314,0,0,0,217.556
105,135,4,5,1,1,2,1,2,0.555556,0.555556,0.111111,1.12603,0.518019,0,0,0,220.333
105,136,4,5,2,1,4,4,3,0.555556,0.555556,0.333333,0.590089,0.294544,0,0,0,223.111
105,137,4,5,2,1,4,4,3,0.555556,0.555556,0.333333,0.476367,0.256545,0,0,0,225.889
105,138,4,1,1,2,1,2,1,0.666667,0.111111,0.666667,0.729115,1.34067,0,0,0,226.556
105,139,4,5,1,2,1,1,2,0.666667,0.444444,0.666667,1.81403,0.447343,0,0,0,229.889
108,0,1,5,1,1,2,1,2,0.555556,0.555556,0.111111,0.842447,0.590807,0,0,0,2.77778
108,1,1,1,1,2,1,1,2,0.333333,0.333333,0.333333,0.743943,0.571148,0,0,0,3.11111
108,2,1,5,1,2,1,2,1,0.333333,0.333333,0.333333,0.94552,0.240626,0,0,0,4.77778
108,3,1,1,2,1,4,4,3,0.333333,0.333333,0.666667,0.434422,0.557171,0,0,0,5.11111
108,4,1,1,2,2,3,3,4,0.222222,0.111111,0.222222,0.517163,0.294727,0,0,0,5.33333
108,5,1,1,1,1,2,1,2,0.111111,0.111111,0.222222,0.508677,0.47625,0,0,0,5.44444
108,6,1,5,2,2,3,4,3,0.222222,0.111111,0.222222,0.533697,0.556631,0,0,0,6.55556
108,7,1,5,2,2,3,4,3,0.111111,0.222222,0.111111,0.430569,0.508613,0,0,0,7.11111
108,8,1,1,2,2,3,3,4,0.111111,0.111111,0.111111,0.419523,0.432977,0,0,0,7.22222
108,9,1,1,2,1,4,3,4,0.111111,0.111111,0.222222,0.36246,0.473917,0,0,0,7.33333
108,10,1,1,2,1,4,3,4,0.111111,0.111111,0.111111,0.323791,0.283366,0,0,0,7.44444
108,11,1,5,1,1,2,2,1,0.222222,0.222222,0.333333,0.306184,0.525543,0,0,0,8.55556
108,12,1,1,1,2,1,2,1,0.111111,0.222222,0.111111,0.29704,0.534813,0,0,0,8.66667
108,13,1,1,2,2,3,3,4,0.111111,0.333333,0.111111,0.560617,0.443814,0,0,0,8.77778
108,14,1,1,1,1,2,1,2,0.555556,0.555556,0.333333,0.459459,0.297006,0,0,0,9.33333
108,15,1,1,2,1,4,3,4,0.555556,0.555556,0.333333,0.358065,0.194415,0,0,0,9.88889
108,16,1,5,2,1,4,4,3,0.555556,0.555556,0.444444,0.507576,0.92138,0,0,0,12.6667
108,17,1,5,1,1,2,1,2,0.444444,0.444444,0.333333,0.680126,0.397111,0,0,0,14.8889
108,18,1,5,2,1,4,3,4,0,0,0.111111,0.584075,0.585424,0,0,0,14.8889
108,19,1,1,1,1,2,1,2,0.222222,0.222222,0.111111,0.410201,0.204019,0,0,0,15.1111
108,20,1,1,2,2,3,3,4,0.333333,0.333333,0.333333,0.466544,0.545835,0,0,0,15.4444
108,21,1,1,1,2,1,2,1,0.222222,0.555556,0.222222,0.610829,0.619922,0,0,0,15.6667
108,22,1,1,1,2,1,1,2,0.222222,0.444444,0.222222,0.746213,0.471691,0,0,0,15.8889
108,23,1,1,1,1,2,1,2,0.333333,0.333333,0.222222,0.335944,0.275981,0,0,0,16.2222
108,24,1,5,1,1,2,1,2,0.444444,0.444444,0.444444,1.10111,0.299061,0,0,0,18.4444
108,25,1,5,2,1,4,4,3,0.555556,0.555556,0.666667,0.386538,0.566663,0,0,0,21.2222
108,26,1,5,2,1,4,4,3,0.555556,0.555556,0.333333,0.415249,0.367774,0,0,0,24
108,27,1,1,1,2,1,1,2,0.333333,0.666667,0.333333,1.22328,0.541111,0,0,0,24.3333
108,28,1,5,2,1,4,3,4,0.777778,0.777778,0.222222,0.39477,0.347742,0,0,0,28.2222
108,29,1,1,2,1,4,3,4,0.888889,0.888889,0.222222,0.569422,0.523174,0,0,0,29.1111
108,30,1,5,1,1,2,1,2,0.444444,0.444444,0.222222,0.706959,0.368835,0,0,0,31.3333
108,31,1,5,1,1,2,2,1,0.333333,0.333333,0.111111,0.777392,0.28182,0,0,0,33
108,32,1,5,2,1,4,4,3,0.333333,0.333333,0.444444,0.539952,0.444543,0,0,0,34.6667
108,33,1,1,2,1,4,3,4,0,0,0.666667,0.449593,0.506251,0,0,0,34.6667
108,34,1,1,1,1,2,1,2,0.222222,0.222222,0.555556,0.337427,0.464981,0,0,0,34.8889
108,35,2,1,1,1,2,1,2,0.222222,0.222222,0.777778,0.602833,0.283389,0,0,0,35.1111
108,36,2,5,2,2,3,3,4,0.666667,0.111111,0.666667,1.10369,0.213408,0,0,0,38.4444
108,37,2,1,2,2,3,4,3,0.888889,0.111111,0.888889,0.37656,0.402394,0,0,0,39.3333
108,38,2,5,2,2,3,3,4,0.888889,0.444444,0.888889,0.630276,0.941315,0,0,0,43.7778
108,39,2,1,1,2,1,2,1,0.888889,0.555556,0.888889,0.978033,1.39703,0,0,0,44.6667
108,40,2,1,2,2,3,3,4,0.888889,0.666667,0.888889,1.19839,0.391255,0,0,0,45.5556
108,41,2,5,1,2,1,2,1,0.666667,0.666667,0.666667,1.37979,0.446653,0,0,0,48.8889
108,42,2,1,1,2,1,1,2,0.333333,0.222222,0.333333,0.837096,0.2928,0,0,0,49.2222
108,43,2,5,2,1,4,3,4,0.222222,0.222222,0.333333,0.98052,0.581202,0,0,0,50.3333
108,44,2,5,1,2,1,1,2,0.777778,0,0.777778,1.54212,0.197717,0,0,0,54.2222
108,45,2,5,2,2,3,3,4,0.444444,0.111111,0.444444,1.24722,0.258978,0,0,0,56.4444
108,46,2,5,1,2,1,2,1,0,0.333333,0,1.04364,0.286921,0,0,0,56.4444
108,47,2,5,1,2,1,1,2,0.111111,0.111111,0.111111,0.847528,0.319246,0,0,0,57
108,48,2,5,1,1,2,1,2,0.444444,0.444444,0.333333,1.16691,0.489898,0,0,0,59.2222
108,49,2,1,1,2,1,2,1,0.111111,0.555556,0.111111,0.779424,0.35973,0,0,0,59.3333
108,50,2,1,1,1,2,2,1,0.777778,0.777778,0.333333,0.835626,0.453361,0,0,0,60.1111
108,51,2,1,2,1,4,3,4,0.888889,0.888889,0.222222,0.895954,0.503765,0,0,0,61
108,52,2,5,1,1,2,2,1,0.777778,0.777778,0.222222,1.11522,0.288256,0,0,0,64.8889
108,53,2,5,1,1,2,2,1,0.888889,0.888889,0.111111,0.717716,0.578265,0,0,0,69.3333
108,54,2,1,1,1,2,2,1,1,1,0.333333,0.915133,0.41889,0,0,0,70.3333
108,55,2,1,2,1,4,3,4,0.888889,0.888889,0.222222,0.760002,0.636564,0,0,0,71.2222
108,56,2,5,1,1,2,2,1,0.888889,0.888889,0.222222,0.834588,1.29089,0,0,0,75.6667
108,57,2,1,2,1,4,3,4,1,1,0.333333,0.516926,0.384805,0,0,0,76.6667
108,58,2,1,2,1,4,4,3,0.555556,0.555556,0.111111,0.513168,0.412482,0,0,0,77.2222
108,59,2,1,2,1,4,3,4,0.666667,0.666667,0.333333,0.455807,0.420522,0,0,0,77.8889
108,60,2,1,1,2,1,2,1,0.444444,0.888889,0.444444,0.570112,0.358511,0,0,0,78.3333
108,61,2,5,2,2,3,4,3,0.333333,0.777778,0.333333,0.702072,0.859847,0,0,0,80
108,62,2,5,1,1,2,1,2,1,1,0.111111,1.10077,0.653178,0,0,0,85
108,63,2,5,1,1,2,1,2,0.888889,0.888889,0.222222,0.749956,0.27705,0,0,0,89.4444
108,64,2,1,2,1,4,4,3,0.666667,0.666667,0,0.604666,0.477576,0,0,0,90.1111
108,65,2,1,1,1,2,1,2,0.888889,0.888889,0.333333,0.482761,0.496678,0,0,0,91
108,66,2,5,1,1,2,2,1,0.777778,0.777778,0.444444,0.768743,0.247729,0,0,0,94.8889
108,67,2,5,1,1,2,1,2,0.555556,0.555556,0.555556,0.607564,0.458146,0,0,0,97.6667
108,68,2,1,1,1,2,1,2,0.444444,0.444444,0.555556,0.629558,0.34929,0,0,0,98.1111
108,69,2,5,1,1,2,1,2,0.777778,0.777778,0.666667,0.673151,0.300548,0,0,0,102
108,70,3,1,2,2,3,3,4,1,0.777778,1,0.417596,0.202619,0,0,0,103
108,71,3,5,1,2,1,1,2,1,0.666667,1,0.459469,0.202401,0,0,0,108
108,72,3,5,2,2,3,3,4,0.777778,0.333333,0.777778,1.28087,0.171597,0,0,0,111.889
108,73,3,5,1,2,1,1,2,0.666667,0.333333,0.666667,0.680513,0.33558,0,0,0,115.222
108,74,3,1,2,2,3,3,4,0.888889,0.111111,0.888889,1.18479,0.0702962,0,0,0,116.111
108,75,3,5,1,2,1,1,2,0.888889,0,0.888889,0.707979,0.188923,0,0,0,120.556
108,76,3,1,2,1,4,4,3,0,0,0.777778,0.619435,0.302039,0,0,0,120.556
108,77,3,1,2,2,3,4,3,0.333333,0,0.333333,0.440767,0.238339,0,0,0,120.889
108,78,3,1,1,2,1,2,1,0.333333,0.222222,0.333333,0.785024,0.200657,0,0,0,121.222
108,79,3,5,2,1,4,3,4,0.333333,0.333333,0.222222,0.360977,0.219508,0,0,0,122.889
108,80,3,5,1,1,2,1,2,0.111111,0.111111,0.222222,0.336384,0.345264,0,0,0,123.444
108,81,3,5,1,2,1,2,1,0.555556,0.333333,0.555556,0.684595,0.206964,0,0,0,126.222
108,82,3,5,2,1,4,4,3,0.111111,0.111111,0.444444,0.691147,0.319248,0,0,0,126.778
108,83,3,5,2,2,3,3,4,0.333333,0,0.333333,0.661899,0.204798,0,0,0,128.444
108,84,3,5,1,2,1,1,2,1,0,1,1.10674,0.227038,0,0,0,133.444
108,85,3,5,1,2,1,1,2,0.888889,0,0.888889,0.755355,0.336536,0,0,0,137.889
108,86,3,1,1,1,2,1,2,0.111111,0.111111,0.777778,0.561672,0.271605,0,0,0,138
108,87,3,1,2,2,3,3,4,0.555556,0,0.555556,0.502829,0.259356,0,0,0,138.556
108,88,3,5,1,2,1,2,1,0.666667,0.111111,0.666667,0.927451,0.29739,0,0,0,141.889
108,89,3,5,2,2,3,3,4,1,0.111111,1,0.835685,0.227347,0,0,0,146.889
108,90,3,5,1,2,1,1,2,0.888889,0.222222,0.888889,0.720492,0.535409,0,0,0,151.333
108,91,3,1,1,2,1,2,1,0.888889,0.333333,0.888889,0.373467,0.436126,0,0,0,152.222
108,92,3,1,1,1,2,2,1,0.333333,0.333333,0.777778,0.433595,0.583426,0,0,0,152.556
108,93,3,5,2,2,3,3,4,0.777778,0.444444,0.777778,0.637185,0.216888,0,0,0,156.444
108,94,3,1,1,2,1,1,2,0.888889,0.777778,0.888889,0.928839,0.21605,0,0,0,157.333
108,95,3,1,2,1,4,3,4,0.777778,0.777778,0.555556,0.50244,0.346783,0,0,0,158.111
108,96,3,5,1,1,2,2,1,0.777778,0.777778,0.444444,0.451176,0.210535,0,0,0,162
108,97,3,5,1,1,2,1,2,0.666667,0.666667,0.444444,0.56276,0.136993,0,0,0,165.333
108,98,3,5,2,1,4,4,3,0.222222,0.222222,0.333333,1.13434,0.496427,0,0,0,166.444
108,99,3,1,1,1,2,1,2,0.222222,0.222222,0.222222,0.505351,0.256703,0,0,0,166.667
108,100,3,5,1,2,1,1,2,0.111111,0,0.111111,0.719566,0.309628,0,0,0,167.222
108,101,3,5,2,1,4,4,3,0.333333,0.333333,0.111111,0.925055,0.377785,0,0,0,168.889
108,102,3,1,2,1,4,3,4,0.444444,0.444444,0.222222,0.749588,0.343803,0,0,0,169.333
108,103,3,1,1,1,2,2,1,0.777778,0.777778,0,0.631394,0.527642,0,0,0,170.111
108,104,3,1,1,1,2,1,2,0.888889,0.888889,0.111111,0.295282,0.34446,0,0,0,171
108,105,4,5,2,1,4,3,4,0.888889,0.888889,0,0.583362,0.245915,0,0,0,175.444
108,106,4,5,2,1,4,3,4,0.777778,0.777778,0.444444,0.324777,0.277891,0,0,0,179.333
108,107,4,5,2,1,4,4,3,0.666667,0.666667,0.666667,0.360005,0.295152,0,0,0,182.667
108,108,4,1,1,1,2,1,2,0.666667,0.666667,0.444444,0.588836,1.73175,0,0,0,183.333
108,109,4,5,2,1,4,4,3,0.888889,0.888889,0.111111,0.360472,0.473631,0,0,0,187.778
108,110,4,1,1,1,2,1,2,0.888889,0.888889,0.111111,0.527347,0.375673,0,0,0,188.667
108,111,4,5,1,1,2,2,1,0.666667,0.666667,0.444444,0.502375,0.29549,0,0,0,192
108,112,4,5,2,1,4,3,4,0.555556,0.555556,0.555556,0.600864,0.687013,0,0,0,194.778
108,113,4,1,2,1,4,4,3,0.555556,0.555556,0.666667,0.403004,0.387674,0,0,0,195.333
108,114,4,5,2,1,4,3,4,0.222222,0.222222,0.777778,0.468291,0.36964,0,0,0,196.444
108,115,4,5,1,1,2,2,1,0.111111,0.111111,1,0.543145,0.42635,0,0,0,197
108,116,4,1,2,1,4,4,3,0.222222,0.222222,1,0.518456,1.3367,0,0,0,197.222
108,117,4,5,2,2,3,4,3,0.666667,0.333333,0.666667,0.407636,0.345114,0,0,0,200.556
108,118,4,5,1,1,2,2,1,0.444444,0.444444,0.777778,0.439387,0.176661,0,0,0,202.778
108,119,4,1,2,1,4,4,3,0.444444,0.444444,0.888889,0.594414,1.05676,0,0,0,203.222
108,120,4,5,2,2,3,3,4,1,0.666667,1,0.627666,0.0640715,0,0,0,208.222
108,121,4,5,1,2,1,1,2,0.888889,0.777778,0.888889,0.419504,0.219546,0,0,0,212.667
108,122,4,1,1,2,1,2,1,0.888889,0.888889,0.888889,0.751142,0.231519,0,0,0,213.556
108,123,4,1,1,2,1,1,2,0.777778,0.777778,0.777778,0.7204,0.202246,0,0,0,214.333
108,124,4,1,2,2,3,4,3,0.888889,0.888889,0.888889,0.470964,0.318352,0,0,0,215.222
108,125,4,1,2,2,3,3,4,0.777778,0.555556,0.777778,0.618308,0.473206,0,0,0,216
108,126,4,1,2,2,3,4,3,0.888889,0.333333,0.888889,0.64885,0.217065,0,0,0,216.889
108,127,4,1,2,2,3,4,3,0.777778,0.777778,0.777778,0.565262,1.50434,0,0,0,217.667
108,128,4,5,2,2,3,4,3,1,0.888889,1,0.501135,0.352994,0,0,0,222.667
108,129,4,5,1,2,1,2,1,0,0.888889,0.555556,0.727336,-1,0,1,1,222.667
108,130,4,1,1,1,2,2,1,0.666667,0.666667,0.555556,0.488876,0.215352,0,0,0,223.333
108,131,4,5,2,2,3,4,3,0.666667,0.666667,0.666667,0.495835,0.212395,0,0,0,226.667
108,132,4,1,2,2,3,4,3,0.555556,0.444444,0.555556,0.515988,0.280648,0,0,0,227.222
108,133,4,5,1,2,1,2,1,0.666667,0.555556,0.666667,0.674764,0.229762,0,0,0,230.556
108,134,4,1,1,2,1,1,2,0.444444,0.444444,0.444444,0.725819,0.239036,0,0,0,231
108,135,4,1,1,2,1,1,2,0.111111,0.666667,0.111111,0.617447,0.275127,0,0,0,231.111
108,136,4,5,1,1,2,2,1,0.666667,0.666667,0,0.780217,0.272184,0,0,0,234.444
108,137,4,5,1,1,2,2,1,0.888889,0.888889,0.444444,0.690267,0.262675,0,0,0,238.889
108,138,4,5,2,1,4,4,3,1,1,0.555556,0.381675,0.228847,0,0,0,243.889
108,139,4,5,2,1,4,4,3,0.777778,0.777778,0.555556,0.387904,0.447354,0,0,0,247.778
110,0,1,5,1,2,1,1,2,0.555556,0.222222,0.555556,0.43828,0.212151,0,0,0,2.77778
110,1,1,5,2,2,3,4,3,0.333333,0.333333,0.333333,0.278602,0.256014,0,0,0,4.44444
110,2,1,1,1,1,2,2,1,0.555556,0.555556,0.666667,0.347884,0.229867,0,0,0,5
110,3,1,5,1,2,1,2,1,0.222222,0.555556,0.222222,0.312586,0.203941,0,0,0,6.11111
110,4,1,1,1,1,2,1,2,0.666667,0.666667,0.222222,0.348244,0.328175,0,0,0,6.77778
110,5,1,5,2,1,4,4,3,0.888889,0.888889,0.222222,0.313304,0.227562,0,0,0,11.2222
110,6,1,5,1,2,1,2,1,0.111111,0.888889,0.111111,0.324343,0.19246,0,0,0,11.7778
110,7,1,1,2,1,4,4,3,0.777778,0.777778,0.333333,0.409435,0.211051,0,0,0,12.5556
110,8,1,1,1,2,1,2,1,0.333333,0.777778,0.333333,0.465873,0.217841,0,0,0,12.8889
110,9,1,1,1,2,1,1,2,0.666667,0.666667,0.666667,0.395622,0.17868,0,0,0,13.5556
110,10,1,1,2,1,4,3,4,0.555556,0.555556,0.888889,0.381443,0.232248,0,0,0,14.1111
110,11,1,1,2,2,3,3,4,0.222222,0.444444,0.222222,0.595555,0.0993753,0,0,0,14.3333
110,12,1,5,2,1,4,3,4,0.666667,0.666667,0.111111,0.395416,0.30911,0,0,0,17.6667
110,13,1,1,2,1,4,4,3,0.666667,0.666667,0.222222,0.208206,0.213558,0,0,0,18.3333
110,14,1,1,2,1,4,3,4,0.333333,0.333333,0.777778,0.256668,0.399575,0,0,0,18.6667
110,15,1,5,2,1,4,3,4,0.222222,0.222222,0.555556,0.359673,0.292628,0,0,0,19.7778
110,16,1,5,1,2,1,2,1,0.888889,0.222222,0.888889,0.579459,0.241904,0,0,0,24.2222
110,17,1,1,2,2,3,3,4,0.555556,0.111111,0.555556,0.629597,0.213307,0,0,0,24.7778
110,18,1,5,2,1,4,4,3,0.111111,0.111111,0.444444,0.64119,0.258568,0,0,0,25.3333
110,19,1,1,2,1,4,3,4,0.555556,0.555556,0.333333,0.514933,0.272579,0,0,0,25.8889
110,20,1,1,1,2,1,1,2,0.333333,0.555556,0.333333,0.353926,0.250186,0,0,0,26.2222
110,21,1,1,1,1,2,1,2,0.333333,0.333333,0.444444,0.284284,0.266383,0,0,0,26.5556
110,22,1,5,2,1,4,4,3,0.444444,0.444444,0.555556,0.379773,0.234434,0,0,0,28.7778
110,23,1,1,2,1,4,4,3,0.777778,0.777778,0.555556,0.360652,0.223825,0,0,0,29.5556
110,24,1,1,1,1,2,2,1,1,1,0.777778,0.457898,0.217172,0,0,0,30.5556
110,25,1,1,2,1,4,4,3,0.555556,0.555556,0.555556,0.441018,0.266695,0,0,0,31.1111
110,26,1,5,1,2,1,2,1,0.111111,0.444444,0.111111,0.386732,0.221944,0,0,0,31.6667
110,27,1,5,1,1,2,1,2,0.333333,0.333333,0.555556,0.58937,0.21594,0,0,0,33.3333
110,28,1,1,1,1,2,2,1,0.222222,0.222222,0.777778,0.33334,0.284887,0,0,0,33.5556
110,29,1,1,2,2,3,4,3,0.888889,0.111111,0.888889,0.30193,0.21022,0,0,0,34.4444
110,30,1,1,2,1,4,3,4,0.111111,0.111111,1,0.774868,0.0585701,0,0,0,34.5556
110,31,1,5,2,2,3,4,3,0.777778,0.333333,0.777778,0.521732,0.22748,0,0,0,38.4444
110,32,1,1,2,1,4,3,4,0.333333,0.333333,0.777778,0.204169,0.266843,0,0,0,38.7778
110,33,1,5,1,2,1,1,2,0.666667,0.555556,0.666667,0.363975,0.232058,0,0,0,42.1111
110,34,1,5,1,1,2,1,2,0.555556,0.555556,0.888889,0.493178,0.261143,0,0,0,44.8889
110,35,2,1,1,2,1,1,2,0.555556,0.555556,0.555556,0.348686,0.191884,0,0,0,45.4444
110,36,2,1,2,2,3,3,4,0,0.666667,0,0.494315,0.365217,0,0,0,45.4444
110,37,2,1,2,1,4,3,4,0.666667,0.666667,0,0.451049,0.301439,0,0,0,46.1111
110,38,2,1,2,1,4,4,3,0.555556,0.555556,0.444444,0.297729,0.252086,0,0,0,46.6667
110,39,2,5,2,1,4,4,3,0.777778,0.777778,0.777778,0.4511,0.22306,0,0,0,50.5556
110,40,2,5,2,1,4,4,3,0.666667,0.666667,0.888889,0.481976,0.240516,0,0,0,53.8889
110,41,2,1,2,1,4,3,4,0.888889,0.888889,0.888889,0.372014,0.665652,0,0,0,54.7778
110,42,2,1,1,2,1,2,1,0.555556,0.888889,0.555556,0.546656,0.223543,0,0,0,55.3333
110,43,2,5,2,2,3,4,3,1,0.888889,1,0.326451,0.226969,0,0,0,60.3333
110,44,2,5,2,2,3,4,3,1,0.888889,1,0.493795,0.166694,0,0,0,65.3333
110,45,2,5,2,2,3,4,3,0.888889,1,0.888889,0.583242,0.34837,0,0,0,69.7778
110,46,2,5,2,1,4,4,3,0.888889,0.888889,0.666667,0.642868,0.266553,0,0,0,74.2222
110,47,2,5,2,1,4,4,3,0.777778,0.777778,0.444444,0.458988,0.258279,0,0,0,78.1111
110,48,2,5,2,1,4,4,3,0.666667,0.666667,0.222222,0.464798,0.402521,0,0,0,81.4444
110,49,2,1,2,1,4,3,4,0.666667,0.666667,0.444444,0.441645,0.250779,0,0,0,82.1111
110,50,2,1,1,2,1,1,2,0.666667,0.555556,0.666667,0.432259,0.200092,0,0,0,82.7778
110,51,2,1,1,2,1,1,2,0.333333,0.666667,0.333333,0.496794,0.192105,0,0,0,83.1111
110,52,2,1,1,2,1,2,1,0.222222,0.666667,0.222222,0.416848,0.201152,0,0,0,83.3333
110,53,2,5,2,2,3,4,3,0.111111,0.666667,0.111111,0.605612,0.358114,0,0,0,83.8889
110,54,2,1,1,2,1,1,2,0.333333,0.444444,0.333333,0.812567,0.240931,0,0,0,84.2222
110,55,2,5,2,1,4,3,4,0.888889,0.888889,0.222222,0.702876,0.177924,0,0,0,88.6667
110,56,2,1,1,2,1,1,2,0,0.777778,0,0.38583,0.184249,0,0,0,88.6667
110,57,2,1,1,2,1,1,2,0.111111,0.777778,0.111111,0.420708,0.144409,0,0,0,88.7778
110,58,2,5,2,1,4,4,3,0.888889,0.888889,0.222222,0.477056,0.233315,0,0,0,93.2222
110,59,2,5,2,1,4,3,4,0.777778,0.777778,0.111111,0.354578,0.000747381,0,0,0,97.1111
110,60,2,1,1,2,1,2,1,0.111111,0.777778,0.111111,0.593386,0.228079,0,0,0,97.2222
110,61,2,1,1,1,2,1,2,0.555556,0.555556,0.222222,0.53698,0.233477,0,0,0,97.7778
110,62,2,1,1,1,2,1,2,0.333333,0.333333,0.222222,0.347412,0.275765,0,0,0,98.1111
110,63,2,1,1,1,2,1,2,0.222222,0.222222,0.333333,0.505962,0.279129,0,0,0,98.3333
110,64,2,5,2,2,3,3,4,0.666667,0.222222,0.666667,0.782532,0.19821,0,0,0,101.667
110,65,2,5,1,2,1,1,2,1,0.333333,1,0.685122,0.260878,0,0,0,106.667
110,66,2,5,2,2,3,4,3,0.555556,0.444444,0.555556,0.623955,0.2435,0,0,0,109.444
110,67,2,1,1,2,1,1,2,0.666667,0.666667,0.666667,0.609216,0.279323,0,0,0,110.111
110,68,2,5,2,2,3,3,4,0.777778,0.777778,0.777778,0.581483,0.188156,0,0,0,114
110,69,2,1,1,1,2,1,2,0.888889,0.888889,1,0.307519,0.218701,0,0,0,114.889
110,70,3,1,2,2,3,4,3,0.777778,0.777778,0.777778,0.380132,1.03585,0,0,0,115.667
110,71,3,1,2,1,4,3,4,0.555556,0.555556,0.555556,0.581061,0.000951375,0,0,0,116.222
110,72,3,5,2,2,3,3,4,0.666667,0.444444,0.666667,0.69718,0.195454,0,0,0,119.556
110,73,3,1,1,1,2,2,1,0.666667,0.666667,0.777778,0.583557,0.231537,0,0,0,120.222
110,74,3,5,1,1,2,2,1,0.444444,0.444444,0.666667,0.578438,0.134357,0,0,0,122.444
110,75,3,5,1,2,1,1,2,0.555556,0.333333,0.555556,0.642751,0.207344,0,0,0,125.222
110,76,3,5,1,1,2,1,2,0.555556,0.555556,0.333333,0.557542,0.187877,0,0,0,128
110,77,3,5,1,1,2,1,2,0.444444,0.444444,0.666667,0.466137,0.170609,0,0,0,130.222
110,78,3,1,2,2,3,3,4,0.555556,0.555556,0.555556,0.330156,0.217045,0,0,0,130.778
110,79,3,5,1,2,1,1,2,0.444444,0.777778,0.444444,0.420422,0.254852,0,0,0,133
110,80,3,1,1,1,2,1,2,0.666667,0.666667,0.111111,0.538298,0.219029,0,0,0,133.667
110,81,3,5,1,1,2,2,1,0.777778,0.777778,0.222222,0.446179,0.196636,0,0,0,137.556
110,82,3,5,2,1,4,4,3,0.666667,0.666667,0,0.429026,0.258169,0,0,0,140.889
110,83,3,5,1,2,1,1,2,0.111111,0.222222,0.111111,0.441774,0.157708,0,0,0,141.444
110,84,3,1,1,2,1,1,2,0.222222,0.444444,0.222222,0.431299,0.31321,0,0,0,141.667
110,85,3,5,2,1,4,3,4,0.444444,0.444444,0.111111,0.606843,0.191778,0,0,0,143.889
110,86,3,1,2,1,4,3,4,0.555556,0.555556,0,0.793436,0.237251,0,0,0,144.444
110,87,3,5,1,2,1,2,1,0.111111,0,0.111111,0.542338,0.515208,0,0,0,145
110,88,3,1,1,1,2,2,1,0.111111,0.111111,0.333333,0.580017,0.292609,0,0,0,145.111
110,89,3,1,2,2,3,3,4,0.444444,0.111111,0.444444,0.586278,0.257425,0,0,0,145.556
110,90,3,1,2,2,3,3,4,0.111111,0.333333,0.111111,0.571004,0.223954,0,0,0,145.667
110,91,3,5,2,1,4,3,4,0.555556,0.555556,0.222222,0.524326,0.286088,0,0,0,148.444
110,92,3,5,2,1,4,4,3,0.333333,0.333333,0.333333,0.380144,0.277018,0,0,0,150.111
110,93,3,5,1,2,1,1,2,0.333333,0.333333,0.333333,0.455147,0.266316,0,0,0,151.778
110,94,3,1,1,2,1,2,1,0.333333,0.444444,0.333333,0.320962,0.0693588,0,0,0,152.111
110,95,3,5,1,1,2,1,2,0.111111,0.111111,0.333333,0.468133,0.263114,0,0,0,152.667
110,96,3,1,2,2,3,3,4,0.333333,0.222222,0.333333,0.355681,0.212684,0,0,0,153
110,97,3,5,2,2,3,4,3,0.333333,0.444444,0.333333,0.343284,0.20367,0,0,0,154.667
110,98,3,5,1,1,2,2,1,0.555556,0.555556,0.333333,0.564465,0.227495,0,0,0,157.444
110,99,3,1,1,2,1,2,1,0.444444,0.444444,0.444444,0.371963,0.35866,0,0,0,157.889
110,100,3,5,1,2,1,1,2,0.444444,0.111111,0.444444,0.592555,0.265722,0,0,0,160.111
110,101,3,5,1,2,1,2,1,0.555556,0.111111,0.555556,0.425561,0.532736,0,0,0,162.889
110,102,3,1,1,1,2,1,2,0.222222,0.222222,0.666667,0.526616,0.212572,0,0,0,163.111
110,103,3,1,2,1,4,4,3,0.111111,0.111111,0.777778,0.446717,0.266096,0,0,0,163.222
110,104,3,5,1,2,1,1,2,0.777778,0.111111,0.777778,0.430475,0.000958858,0,0,0,167.111
110,105,4,5,2,1,4,4,3,0.222222,0.222222,0.666667,0.29474,0.193307,0,0,0,168.222
110,106,4,1,2,2,3,4,3,0.111111,0.222222,0.111111,0.32631,0.182218,0,0,0,168.333
110,107,4,1,1,1,2,2,1,0.444444,0.444444,0.111111,0.452221,0.166861,0,0,0,168.778
110,108,4,1,1,1,2,2,1,0.444444,0.444444,0.111111,0.537438,0.239635,0,0,0,169.222
110,109,4,1,2,1,4,3,4,0.888889,0.888889,0.111111,0.558484,0.449964,0,0,0,170.111
110,110,4,1,1,1,2,2,1,0.777778,0.777778,0.333333,0.554765,0.0274208,0,0,0,170.889
110,111,4,1,2,2,3,4,3,0,0.888889,0,0.379747,0.236159,0,0,0,170.889
110,112,4,1,1,1,2,2,1,0.777778,0.777778,0.666667,0.391959,0.206462,0,0,0,171.667
110,113,4,5,2,1,4,4,3,0.888889,0.888889,0.111111,0.505511,0.153039,0,0,0,176.111
110,114,4,5,1,1,2,2,1,0.888889,0.888889,0.111111,0.326109,0.1545,0,0,0,180.556
110,115,4,1,1,1,2,1,2,0.888889,0.888889,0.111111,0.527647,0.0536935,0,0,0,181.444
110,116,4,1,1,2,1,1,2,0.222222,0.666667,0.222222,1.16768,0.25933,0,0,0,181.667
110,117,4,1,1,2,1,2,1,0.666667,0.888889,0.666667,0.461164,0.25552,0,0,0,182.333
110,118,4,1,1,1,2,2,1,0.666667,0.666667,0.888889,0.861817,0.244326,0,0,0,183
110,119,4,5,2,1,4,3,4,0.777778,0.777778,0.777778,0.379107,0.206676,0,0,0,186.889
110,120,4,5,2,1,4,3,4,0.555556,0.555556,0.777778,0.358735,0.218216,0,0,0,189.667
110,121,4,1,1,2,1,1,2,0.555556,1,0.555556,0.432308,0.117244,0,0,0,190.222
110,122,4,1,2,2,3,4,3,0.444444,0.666667,0.444444,0.485821,0.15298,0,0,0,190.667
110,123,4,1,1,1,2,1,2,0.444444,0.444444,0.444444,0.428869,0.274918,0,0,0,191.111
110,124,4,1,1,2,1,1,2,0.444444,1,0.444444,0.414162,0.208416,0,0,0,191.556
110,125,4,1,2,1,4,3,4,0.666667,0.666667,0.555556,0.390249,0.16308,0,0,0,192.222
110,126,4,1,2,2,3,4,3,0.222222,0.555556,0.222222,0.407875,0.231036,0,0,0,192.444
110,127,4,1,2,1,4,4,3,0.888889,0.888889,0.222222,0.337133,0.246482,0,0,0,193.333
110,128,4,1,2,2,3,3,4,0,0.777778,0,0.507047,0.382659,0,0,0,193.333
110,129,4,1,2,1,4,3,4,0.444444,0.444444,0,0.331752,0.259021,0,0,0,193.778
110,130,4,1,1,1,2,2,1,0.111111,0.111111,0.222222,0.324066,0.281874,0,0,0,193.889
110,131,4,1,2,2,3,4,3,0,0.111111,0,0.453565,0.282106,0,0,0,193.889
110,132,4,5,2,1,4,4,3,0,0,0.222222,0.707349,0.000934707,0,0,0,193.889
110,133,4,5,1,2,1,2,1,0.333333,0.222222,0.333333,0.513833,0.220468,0,0,0,195.556
110,134,4,5,2,2,3,3,4,0.111111,0.333333,0.111111,0.507329,0.207499,0,0,0,196.111
110,135,4,1,1,2,1,2,1,0,0.444444,0,0.418499,0.231915,0,0,0,196.111
110,136,4,5,2,1,4,3,4,0.333333,0.333333,0.222222,0.594657,0.269944,0,0,0,197.778
110,137,4,5,1,1,2,1,2,0,0,0.555556,0.450306,0.247484,0,0,0,197.778
110,138,4,5,1,2,1,1,2,1,0.555556,1,0.75643,0.187413,0,0,0,202.778
110,139,4,1,2,1,4,3,4,0.666667,0.666667,0.888889,0.256048,0.183139,0,0,0,203.444
111,0,1,5,2,1,4,3,4,0.444444,0.444444,0.555556,0.714931,0.624321,0,0,0,2.22222
111,1,1,1,1,2,1,1,2,0.666667,0.555556,0.666667,0.763622,0.364886,0,0,0,2.88889
111,2,1,5,2,2,3,3,4,0.888889,0.555556,0.888889,0.615092,1.10963,0,0,0,7.33333
111,3,1,1,2,2,3,3,4,0.777778,0,0.777778,0.599553,0.585187,0,0,0,8.11111
111,4,1,1,2,2,3,4,3,0.555556,0,0.555556,0.494549,0.373802,0,0,0,8.66667
111,5,1,1,1,2,1,2,1,0.555556,0.333333,0.555556,0.440193,0.432713,0,0,0,9.22222
111,6,1,5,2,2,3,3,4,0.666667,0.333333,0.666667,0.376262,0.284408,0,0,0,12.5556
111,7,1,1,1,2,1,2,1,0.333333,0.444444,0.333333,0.600556,0.29401,0,0,0,12.8889
111,8,1,5,1,1,2,1,2,0.777778,0.777778,0.222222,0.697587,0.430323,0,0,0,16.7778
111,9,1,5,1,1,2,1,2,1,1,0.222222,0.448317,0.419309,0,0,0,21.7778
111,10,1,1,2,1,4,3,4,1,1,0.222222,0.654588,0.510242,0,0,0,22.7778
111,11,1,1,2,1,4,3,4,0.888889,0.888889,0.222222,0.459576,0.346682,0,0,0,23.6667
111,12,1,5,2,1,4,4,3,0.777778,0.777778,0.111111,0.617184,0.364447,0,0,0,27.5556
111,13,1,5,2,1,4,3,4,0.666667,0.666667,0.333333,0.416123,0.382938,0,0,0,30.8889
111,14,1,5,1,1,2,2,1,0.444444,0.444444,0,0.445439,0.336702,0,0,0,33.1111
111,15,1,1,2,2,3,4,3,0.222222,0.333333,0.222222,0.456864,0.462985,0,0,0,33.3333
111,16,1,1,1,1,2,2,1,0.333333,0.333333,0.333333,0.765826,0.279379,0,0,0,33.6667
111,17,1,5,1,2,1,1,2,0.111111,0.222222,0.111111,0.696962,0.227325,0,0,0,34.2222
111,18,1,5,1,2,1,1,2,0.333333,0.444444,0.333333,0.64652,0.479095,0,0,0,35.8889
111,19,1,5,2,2,3,4,3,0.333333,0.444444,0.333333,0.964431,0.258527,0,0,0,37.5556
111,20,1,5,2,1,4,4,3,0.555556,0.555556,0.444444,0.420531,0.234257,0,0,0,40.3333
111,21,1,1,2,1,4,4,3,0.111111,0.111111,0.666667,0.380663,0.320095,0,0,0,40.4444
111,22,1,5,2,2,3,3,4,0.555556,0.111111,0.555556,0.606699,0.390352,0,0,0,43.2222
111,23,1,1,2,2,3,3,4,0.222222,0.111111,0.222222,0.42392,0.374211,0,0,0,43.4444
111,24,1,5,1,2,1,1,2,0.555556,0.222222,0.555556,0.616299,0.286905,0,0,0,46.2222
111,25,1,5,1,2,1,2,1,0.333333,0.444444,0.333333,0.732301,0.437479,0,0,0,47.8889
111,26,1,1,1,2,1,2,1,0.222222,0.666667,0.222222,0.55203,0.503107,0,0,0,48.1111
111,27,1,1,1,2,1,2,1,0.444444,0.666667,0.444444,0.680598,0.554966,0,0,0,48.5556
111,28,1,5,2,1,4,4,3,0.555556,0.555556,0.666667,0.436684,0.395323,0,0,0,51.3333
111,29,1,1,2,1,4,4,3,0.444444,0.444444,0.888889,0.44533,0.358564,0,0,0,51.7778
111,30,1,1,1,1,2,1,2,0.222222,0.222222,0.777778,0.675452,0.674233,0,0,0,52
111,31,1,5,2,1,4,3,4,0,0,0.777778,0.436746,0.407755,0,0,0,52
111,32,1,5,2,2,3,4,3,0.777778,0.222222,0.777778,0.72602,0.340446,0,0,0,55.8889
111,33,1,1,1,2,1,2,1,0.555556,0.333333,0.555556,0.587236,0.442986,0,0,0,56.4444
111,34,1,1,1,2,1,2,1,1,0.888889,1,0.485749,0.331749,0,0,0,57.4444
111,35,2,1,2,2,3,3,4,0.888889,0.777778,0.888889,0.787397,0.398543,0,0,0,58.3333
111,36,2,5,2,2,3,3,4,0.666667,0.444444,0.666667,0.632765,0.428643,0,0,0,61.6667
111,37,2,5,1,2,1,1,2,0.333333,0.222222,0.333333,0.595251,0.704735,0,0,0,63.3333
111,38,2,1,2,2,3,3,4,0.111111,0.333333,0.111111,0.693811,0.47631,0,0,0,63.4444
111,39,2,1,1,1,2,1,2,0.444444,0.444444,0.222222,0.62378,0.401332,0,0,0,63.8889
111,40,2,5,2,1,4,4,3,0.444444,0.444444,0.666667,0.545502,0.39394,0,0,0,66.1111
111,41,2,1,2,1,4,4,3,0.555556,0.555556,0.777778,0.463024,0.408335,0,0,0,66.6667
111,42,2,1,1,1,2,2,1,0.666667,0.666667,0.777778,0.583759,0.348686,0,0,0,67.3333
111,43,2,5,2,1,4,4,3,0.777778,0.777778,0.666667,0.431268,0.437331,0,0,0,71.2222
111,44,2,1,2,1,4,4,3,0.333333,0.333333,0.888889,0.401989,0.386718,0,0,0,71.5556
111,45,2,5,2,2,3,3,4,1,0.444444,1,0.588401,1.3451,0,0,0,76.5556
111,46,2,1,2,2,3,4,3,0.888889,0.222222,0.888889,0.36624,0.238529,0,0,0,77.4444
111,47,2,1,1,2,1,1,2,0.888889,0.333333,0.888889,0.615529,0.514811,0,0,0,78.3333
111,48,2,1,2,2,3,3,4,0.777778,0.222222,0.777778,0.564281,0.335923,0,0,0,79.1111
111,49,2,5,2,2,3,4,3,0.777778,0.222222,0.777778,0.439823,0.490697,0,0,0,83
111,50,2,1,1,2,1,2,1,0.444444,0.222222,0.444444,0.591665,0.38827,0,0,0,83.4444
111,51,2,1,2,2,3,4,3,0.444444,0.111111,0.444444,0.741944,0.312326,0,0,0,83.8889
111,52,2,5,1,1,2,1,2,0.444444,0.444444,0.888889,0.622947,0.28127,0,0,0,86.1111
111,53,2,1,2,1,4,4,3,0.333333,0.333333,0.888889,0.453132,0.197822,0,0,0,86.4444
111,54,2,5,2,2,3,4,3,0.444444,0.555556,0.444444,0.446326,0.452438,0,0,0,88.6667
111,55,2,5,2,2,3,3,4,0.444444,0.444444,0.444444,0.455001,0.566518,0,0,0,90.8889
111,56,2,5,1,2,1,1,2,0.222222,0,0.222222,0.558523,0.253595,0,0,0,92
111,57,2,1,2,1,4,4,3,0.333333,0.333333,0.333333,0.441654,0.283842,0,0,0,92.3333
111,58,2,5,1,1,2,2,1,0.222222,0.222222,0.666667,0.645485,0.339788,0,0,0,93.4444
111,59,2,5,2,2,3,3,4,0.666667,0.111111,0.666667,0.469066,0.222869,0,0,0,96.7778
111,60,2,1,2,2,3,3,4,0.555556,0.444444,0.555556,0.39751,0.217234,0,0,0,97.3333
111,61,2,5,1,2,1,2,1,0.222222,0.222222,0.222222,0.449446,0.345662,0,0,0,98.4444
111,62,2,1,2,2,3,3,4,0.333333,0.444444,0.333333,0.648828,0.247131,0,0,0,98.7778
111,63,2,5,2,1,4,4,3,0.555556,0.555556,0.222222,0.416395,0.493271,0,0,0,101.556
111,64,2,1,1,1,2,2,1,0.888889,0.888889,0.111111,0.782813,0.281646,0,0,0,102.444
111,65,2,1,2,1,4,4,3,1,1,0.111111,0.424058,0.256787,0,0,0,103.444
111,66,2,5,2,1,4,4,3,1,1,0.333333,0.391429,0.395316,0,0,0,108.444
111,67,2,1,1,1,2,2,1,0.777778,0.777778,0.111111,0.606327,0.302834,0,0,0,109.222
111,68,2,5,2,1,4,4,3,0.444444,0.444444,0.333333,0.414304,0.293092,0,0,0,111.444
111,69,2,1,2,1,4,4,3,0.666667,0.666667,0.777778,0.377778,0.432668,0,0,0,112.111
111,70,3,5,2,1,4,3,4,0.777778,0.777778,0.888889,0.431548,0.28148,0,0,0,116
111,71,3,1,1,1,2,1,2,0.777778,0.777778,0.888889,0.49689,0.37138,0,0,0,116.778
111,72,3,5,1,1,2,1,2,0.333333,0.333333,0.777778,0.403248,0.493246,0,0,0,118.444
111,73,3,1,2,1,4,3,4,0.111111,0.111111,1,0.459097,0.389693,0,0,0,118.556
111,74,3,1,2,2,3,4,3,0.777778,0,0.777778,0.488208,0.246342,0,0,0,119.333
111,75,3,1,1,2,1,1,2,0.333333,0.444444,0.333333,0.542968,0.34474,0,0,0,119.667
111,76,3,5,2,2,3,3,4,0.111111,0.555556,0.111111,0.414736,0.397362,0,0,0,120.222
111,77,3,5,2,1,4,4,3,0.888889,0.888889,0,0.477251,0.389171,0,0,0,124.667
111,78,3,1,1,2,1,2,1,0.333333,0.888889,0.333333,0.585036,0.630968,0,0,0,125
111,79,3,1,1,1,2,1,2,0.555556,0.555556,0.666667,0.63772,0.366722,0,0,0,125.556
111,80,3,1,1,1,2,1,2,0.222222,0.222222,0.777778,0.584047,0.365409,0,0,0,125.778
111,81,3,1,2,2,3,3,4,0.777778,0.222222,0.777778,0.443671,0.528899,0,0,0,126.556
111,82,3,5,1,2,1,2,1,0.666667,0.333333,0.666667,0.483676,0.608468,0,0,0,129.889
111,83,3,5,2,2,3,4,3,0.777778,0.111111,0.777778,0.523363,0.405662,0,0,0,133.778
111,84,3,1,2,2,3,4,3,1,0.222222,1,0.411286,0.44766,0,0,0,134.778
111,85,3,1,1,2,1,2,1,1,0.444444,1,0.513427,0.381386,0,0,0,135.778
111,86,3,5,2,2,3,4,3,1,0.666667,1,0.443533,0.417035,0,0,0,140.778
111,87,3,5,2,2,3,4,3,0.666667,0.333333,0.666667,0.375652,0.469597,0,0,0,144.111
111,88,3,5,1,2,1,2,1,0.777778,0.888889,0.777778,0.504884,0.443986,0,0,0,148
111,89,3,5,2,2,3,4,3,0.888889,0.666667,0.888889,0.423657,0.336652,0,0,0,152.444
111,90,3,5,2,2,3,4,3,1,0.333333,1,0.359706,0.584911,0,0,0,157.444
111,91,3,1,1,2,1,1,2,0.777778,0.111111,0.777778,0.580305,0.456375,0,0,0,158.222
111,92,3,5,2,2,3,3,4,0.111111,0.444444,0.111111,0.443341,0.418945,0,0,0,158.778
111,93,3,1,1,1,2,2,1,0.555556,0.555556,0.111111,0.626574,0.405323,0,0,0,159.333
111,94,3,1,1,1,2,1,2,0.666667,0.666667,0.111111,0.538359,0.302005,0,0,0,160
111,95,3,5,1,1,2,1,2,0.666667,0.666667,0.111111,0.367352,0.360982,0,0,0,163.333
111,96,3,5,1,1,2,1,2,1,1,0.444444,0.405443,0.327833,0,0,0,168.333
111,97,3,1,2,1,4,3,4,0.666667,0.666667,0.444444,0.764472,0.52109,0,0,0,169
111,98,3,5,1,1,2,2,1,0.333333,0.333333,0.333333,0.5051,0.426355,0,0,0,170.667
111,99,3,1,2,2,3,3,4,0.555556,0.333333,0.555556,0.419631,0.238745,0,0,0,171.222
111,100,3,1,1,2,1,1,2,0.333333,0.777778,0.333333,0.657551,0.415186,0,0,0,171.556
111,101,3,1,2,2,3,3,4,0.555556,0.666667,0.555556,0.505302,0.272029,0,0,0,172.111
111,102,3,1,1,2,1,1,2,0.888889,0.888889,0.888889,0.510709,0.344978,0,0,0,173
111,103,3,1,1,2,1,1,2,1,0.777778,1,0.43756,0.500455,0,0,0,174
111,104,3,5,1,2,1,1,2,0.888889,1,0.888889,0.506784,0.273909,0,0,0,178.444
111,105,4,1,2,2,3,3,4,0.666667,1,0.666667,0.557229,0.531649,0,0,0,179.111
111,106,4,1,2,2,3,3,4,0.333333,0.888889,0.333333,0.420201,0.301847,0,0,0,179.444
111,107,4,1,2,1,4,4,3,0.666667,0.666667,0.111111,0.476671,0.260235,0,0,0,180.111
111,108,4,1,2,1,4,3,4,0.666667,0.666667,0.111111,0.464232,0.342802,0,0,0,180.778
111,109,4,5,2,1,4,3,4,0.222222,0.222222,0.111111,0.449187,1.52995,0,0,0,181.889
111,110,4,1,1,2,1,2,1,0.333333,0.111111,0.333333,0.599845,0.276169,0,0,0,182.222
111,111,4,1,1,1,2,2,1,0.111111,0.111111,0.111111,0.513081,0.336885,0,0,0,182.333
111,112,4,5,2,2,3,4,3,0.222222,0.555556,0.222222,0.474479,0.354243,0,0,0,183.444
111,113,4,5,2,2,3,3,4,0.222222,0.333333,0.222222,0.443602,0.286611,0,0,0,184.556
111,114,4,1,2,1,4,4,3,0,0,0,0.38757,0.385039,0,0,0,184.556
111,115,4,1,1,2,1,2,1,0,0.222222,0,0.463419,0.431932,0,0,0,184.556
111,116,4,5,1,1,2,1,2,0.111111,0.111111,0.333333,0.830616,0.341024,0,0,0,185.111
111,117,4,1,2,1,4,4,3,0.222222,0.222222,0.777778,0.62032,0.331341,0,0,0,185.333
111,118,4,1,1,2,1,1,2,0.555556,0,0.555556,0.403351,0.359024,0,0,0,185.889
111,119,4,1,2,2,3,4,3,0.333333,0.111111,0.333333,0.784733,0.29284,0,0,0,186.222
111,120,4,5,2,2,3,4,3,0.444444,0.333333,0.444444,0.533946,0.449006,0,0,0,188.444
111,121,4,5,1,2,1,2,1,0.333333,0.555556,0.333333,0.864085,0.382794,0,0,0,190.111
111,122,4,5,1,1,2,1,2,0.555556,0.555556,0.222222,0.577976,0.398882,0,0,0,192.889
111,123,4,1,1,1,2,1,2,0.666667,0.666667,0.222222,0.619994,0.328717,0,0,0,193.556
111,124,4,5,1,1,2,1,2,0.222222,0.222222,0.555556,0.358875,0.404531,0,0,0,194.667
111,125,4,5,1,2,1,1,2,0.555556,0.333333,0.555556,0.487447,0.244999,0,0,0,197.444
111,126,4,5,1,2,1,2,1,0.333333,0.333333,0.333333,0.449075,0.265868,0,0,0,199.111
111,127,4,1,1,1,2,1,2,0.333333,0.333333,0.444444,0.45649,0.343893,0,0,0,199.444
111,128,4,5,1,2,1,1,2,0.666667,0.555556,0.666667,0.397205,0.222657,0,0,0,202.778
111,129,4,5,1,2,1,1,2,0.555556,0.444444,0.555556,0.577298,0.228634,0,0,0,205.556
111,130,4,5,1,2,1,1,2,0.444444,0.777778,0.444444,0.378291,0.512039,0,0,0,207.778
111,131,4,5,1,1,2,1,2,1,1,0.444444,0.524744,0.277054,0,0,0,212.778
111,132,4,1,1,1,2,2,1,0.777778,0.777778,0.333333,0.426613,0.417591,0,0,0,213.556
111,133,4,5,1,1,2,2,1,0.888889,0.888889,0.333333,0.42644,0.278782,0,0,0,218
111,134,4,1,2,2,3,4,3,0.222222,0.888889,0.222222,0.514784,0.46628,0,0,0,218.222
111,135,4,5,1,1,2,1,2,0.666667,0.666667,0.222222,0.458107,0.286422,0,0,0,221.556
111,136,4,5,1,1,2,2,1,0.555556,0.555556,0.222222,0.495999,0.462479,0,0,0,224.333
111,137,4,1,1,1,2,1,2,0.777778,0.777778,0.222222,0.543941,0.467585,0,0,0,225.111
111,138,4,5,1,1,2,2,1,0.888889,0.888889,0.222222,0.400949,0.394202,0,0,0,229.556
111,139,4,5,2,1,4,3,4,0.777778,0.777778,0.222222,0.506912,0.380812,0,0,0,233.444
112,0,1,5,2,0,-1,3,4,0,0.111111,0.777778,-1,-1,1,0,1,0
112,1,1,5,1,1,2,2,1,0,0,0.777778,1.25605,0.643412,0,0,0,0
112,2,1,1,2,1,4,4,3,0,0.111111,0.666667,1.31029,-1,0,1,1,0
112,3,1,1,2,2,3,4,3,0,0,0.555556,1.80109,-1,0,1,1,0
112,4,1,5,2,1,4,3,4,0,0.111111,0.555556,0.950819,-1,0,1,1,0
112,5,1,1,2,2,3,3,4,0,0.111111,0.555556,0.685865,-1,0,1,1,0
112,6,1,5,1,1,2,2,1,0,0.111111,0.666667,1.08981,-1,0,1,1,0
112,7,1,1,1,1,2,1,2,0,0.111111,0.888889,0.998283,-1,0,1,1,0
112,8,1,5,1,1,2,2,1,0,0.333333,0.777778,1.04267,-1,0,1,1,0
112,9,1,5,2,2,3,3,4,0,0.888889,0.777778,0.860212,-1,0,1,1,0
112,10,1,1,1,2,1,1,2,0,0.777778,0.888889,0.795848,-1,0,1,1,0
112,11,1,5,1,2,1,1,2,0,0.777778,0.666667,0.843554,-1,0,1,1,0
112,12,1,1,1,1,2,2,1,0,0.777778,0.777778,0.916016,-1,0,1,1,0
112,13,1,1,2,1,4,4,3,0,0.777778,1,0.842627,-1,0,1,1,0
112,14,1,5,1,1,2,1,2,0,0.888889,0.444444,0.959649,-1,0,1,1,0
112,15,1,5,1,2,1,1,2,0.111111,0.888889,0.111111,0.862835,0.501368,0,0,0,0.555556
112,16,1,1,1,2,1,2,1,0.333333,0.666667,0.333333,0.703048,0.348243,0,0,0,0.888889
112,17,1,1,2,2,3,3,4,0.111111,0.222222,0.111111,0.471781,0.646115,0,0,0,1
112,18,1,1,2,1,4,3,4,0.222222,0.222222,0.111111,0.490468,0.418942,0,0,0,1.22222
112,19,1,5,1,1,2,2,1,0.111111,0.111111,0.444444,0.676004,0.298661,0,0,0,1.77778
112,20,1,5,2,2,3,4,3,0.222222,0.222222,0.222222,0.904741,0.599744,0,0,0,2.88889
112,21,1,1,1,2,1,2,1,0.222222,0.222222,0.222222,0.487506,0.305021,0,0,0,3.11111
112,22,1,5,1,1,2,2,1,0.111111,0.111111,0.111111,0.479486,0.457317,0,0,0,3.66667
112,23,1,5,1,1,2,1,2,0,0,0,0.802547,0.427444,0,0,0,3.66667
112,24,1,1,1,2,1,2,1,0,0,0,0.918258,0.470168,0,0,0,3.66667
112,25,1,1,2,2,3,4,3,0,0.111111,0.333333,0.858188,-1,0,1,1,3.66667
112,26,1,1,2,1,4,3,4,0.444444,0.444444,0.111111,0.666926,0.406001,0,0,0,4.11111
112,27,1,5,2,2,3,3,4,0,0.444444,0,0.534671,0.458548,0,0,0,4.11111
112,28,1,1,1,1,2,2,1,0.444444,0.444444,0.222222,0.722913,0.26538,0,0,0,4.55556
112,29,1,5,2,1,4,4,3,0.555556,0.555556,0,0.81384,0.387781,0,0,0,7.33333
112,30,1,5,1,1,2,1,2,0.666667,0.666667,0.333333,1.12298,0.368399,0,0,0,10.6667
112,31,1,1,1,2,1,2,1,0.555556,0.666667,0.555556,1.02128,0.457912,0,0,0,11.2222
112,32,1,1,1,1,2,2,1,0.666667,0.666667,0.777778,0.826313,0.273251,0,0,0,11.8889
112,33,1,1,1,1,2,2,1,0,0.888889,0.444444,0.897823,-1,0,1,1,11.8889
112,34,1,5,1,1,2,2,1,0.888889,0.888889,0.666667,0.887398,0.280918,0,0,0,16.3333
112,35,2,5,2,1,4,3,4,0.777778,0.777778,0.888889,0.824556,0.30996,0,0,0,20.2222
112,36,2,5,2,1,4,3,4,1,1,0.888889,0.640637,0.474944,0,0,0,25.2222
112,37,2,5,1,1,2,2,1,0.888889,0.888889,1,1.36544,0.518319,0,0,0,29.6667
112,38,2,5,2,1,4,4,3,0.777778,0.777778,0.888889,1.02234,0.638331,0,0,0,33.5556
112,39,2,1,1,2,1,1,2,0.777778,0.444444,0.777778,0.923355,0.425489,0,0,0,34.3333
112,40,2,5,2,1,4,4,3,0.555556,0.555556,0.666667,0.965713,0.366874,0,0,0,37.1111
112,41,2,1,2,1,4,3,4,0.222222,0.222222,0.777778,0.69823,0.274081,0,0,0,37.3333
112,42,2,5,1,1,2,2,1,0,0,0.777778,1.03911,0.346444,0,0,0,37.3333
112,43,2,1,2,2,3,3,4,0.888889,0,0.888889,0.854081,0.343925,0,0,0,38.2222
112,44,2,1,2,1,4,4,3,0.111111,0.111111,0.555556,1.14732,0.887848,0,0,0,38.3333
112,45,2,5,2,2,3,3,4,0.777778,0.111111,0.777778,0.851106,0.243845,0,0,0,42.2222
112,46,2,5,1,2,1,1,2,0.555556,0.111111,0.555556,1.08759,0.551922,0,0,0,45
112,47,2,1,1,2,1,1,2,0.666667,0.111111,0.666667,1.01534,0.559792,0,0,0,45.6667
112,48,2,5,1,1,2,2,1,0.222222,0.222222,0.777778,1.64033,0.548345,0,0,0,46.7778
112,49,2,1,2,1,4,3,4,0.222222,0.222222,0.888889,0.702171,0.54693,0,0,0,47
112,50,2,1,2,2,3,4,3,0.888889,0.111111,0.888889,0.89327,1.30938,0,0,0,47.8889
112,51,2,1,1,2,1,2,1,0.777778,0,0.777778,0.859835,0.503081,0,0,0,48.6667
112,52,2,1,2,1,4,3,4,0.222222,0.222222,0.888889,1.08434,0.561608,0,0,0,48.8889
112,53,2,5,1,2,1,2,1,1,0.222222,1,1.00543,0.34663,0,0,0,53.8889
112,54,2,5,2,2,3,3,4,0.777778,0.111111,0.777778,1.14557,0.535942,0,0,0,57.7778
112,55,2,1,2,2,3,3,4,0.555556,0.111111,0.555556,0.97117,0.628961,0,0,0,58.3333
112,56,2,5,2,2,3,4,3,0.333333,0.111111,0.333333,1.49578,0.522586,0,0,0,60
112,57,2,1,1,2,1,1,2,0.333333,0.555556,0.333333,1.15336,0.292994,0,0,0,60.3333
112,58,2,1,1,1,2,2,1,0.444444,0.444444,0.111111,1.0023,0.512178,0,0,0,60.7778
112,59,2,5,2,1,4,3,4,0.666667,0.666667,0.111111,0.953445,0.553253,0,0,0,64.1111
112,60,2,5,2,1,4,4,3,0.666667,0.666667,0.111111,0.986677,0.582797,0,0,0,67.4444
112,61,2,1,1,1,2,1,2,0.666667,0.666667,0.111111,1.32768,0.710318,0,0,0,68.1111
112,62,2,1,2,1,4,4,3,0.333333,0.333333,0.111111,1.2264,0.469147,0,0,0,68.4444
112,63,2,5,2,2,3,3,4,0,0.444444,0,1.30367,0.413047,0,0,0,68.4444
112,64,2,5,2,1,4,4,3,0.555556,0.555556,0.111111,0.918486,0.357353,0,0,0,71.2222
112,65,2,1,2,2,3,4,3,0,0.444444,0,0.810422,0.427237,0,0,0,71.2222
112,66,2,1,2,1,4,3,4,0.333333,0.333333,0,1.4326,0.36426,0,0,0,71.5556
112,67,2,5,2,1,4,4,3,0,0,0.111111,0.831284,0.720046,0,0,0,71.5556
112,68,2,5,1,2,1,2,1,0.444444,0.222222,0.444444,1.06051,0.34981,0,0,0,73.7778
112,69,2,5,2,1,4,3,4,0.111111,0.111111,0.666667,0.77004,0.55996,0,0,0,74.3333
112,70,3,5,1,1,2,2,1,0.444444,0.444444,0.777778,1.00215,0.741369,0,0,0,76.5556
112,71,3,1,2,1,4,3,4,0.444444,0.444444,0.777778,0.972987,0.237456,0,0,0,77
112,72,3,1,1,1,2,1,2,0.666667,0.666667,0.666667,1.14146,0.463571,0,0,0,77.6667
112,73,3,1,2,1,4,4,3,0.888889,0.888889,0.666667,1.20234,0.598014,0,0,0,78.5556
112,74,3,5,1,1,2,1,2,0.777778,0.777778,0.666667,0.954656,0.542461,0,0,0,82.4444
112,75,3,1,2,1,4,4,3,0.555556,0.555556,0.666667,1.48026,0.452043,0,0,0,83
112,76,3,5,2,1,4,4,3,0.444444,0.444444,0.555556,1.25326,0.392513,0,0,0,85.2222
112,77,3,5,1,1,2,1,2,0.444444,0.444444,0.444444,1.13215,0.545806,0,0,0,87.4444
112,78,3,5,2,1,4,3,4,0.444444,0.444444,0.666667,0.723068,0.340912,0,0,0,89.6667
112,79,3,1,2,1,4,3,4,0.222222,0.222222,0.888889,0.765025,1.59206,0,0,0,89.8889
112,80,3,1,1,2,1,2,1,0.888889,0.333333,0.888889,1.66674,0.68789,0,0,0,90.7778
112,81,3,5,2,2,3,4,3,0.777778,0.222222,0.777778,1.12686,0.368363,0,0,0,94.6667
112,82,3,1,1,2,1,2,1,0.777778,0.333333,0.777778,0.771997,0.288586,0,0,0,95.4444
112,83,3,5,1,2,1,1,2,0.777778,0.444444,0.777778,1.15831,0.275447,0,0,0,99.3333
112,84,3,1,1,2,1,1,2,1,0.666667,1,1.06213,0.227013,0,0,0,100.333
112,85,3,1,2,2,3,4,3,0.888889,0.666667,0.888889,1.36917,0.348521,0,0,0,101.222
112,86,3,5,2,2,3,4,3,0.777778,0.555556,0.777778,1.15398,0.814145,0,0,0,105.111
112,87,3,1,1,1,2,1,2,0.444444,0.444444,0.666667,0.916621,0.576732,0,0,0,105.556
112,88,3,1,2,2,3,3,4,1,0.555556,1,1.06055,0.433356,0,0,0,106.556
112,89,3,1,2,2,3,4,3,0.888889,0.555556,0.888889,0.814912,0.270704,0,0,0,107.444
112,90,3,1,2,2,3,4,3,0.888889,0.333333,0.888889,0.830969,0.340906,0,0,0,108.333
112,91,3,5,1,2,1,1,2,0.666667,0.555556,0.666667,1.78108,0.336068,0,0,0,111.667
112,92,3,1,2,2,3,4,3,0.666667,1,0.666667,0.834057,0.347736,0,0,0,112.333
112,93,3,1,2,2,3,4,3,0.666667,0.888889,0.666667,0.953682,0.287896,0,0,0,113
112,94,3,1,2,2,3,3,4,0.888889,0.666667,0.888889,1.15744,0.894697,0,0,0,113.889
112,95,3,1,2,2,3,3,4,0.888889,0.888889,0.888889,0.912291,0.350342,0,0,0,114.778
112,96,3,1,2,2,3,4,3,0.888889,0.555556,0.888889,0.873265,0.604802,0,0,0,115.667
112,97,3,5,2,2,3,4,3,0.888889,0.555556,0.888889,1.00667,0.507736,0,0,0,120.111
112,98,3,5,2,2,3,3,4,0.888889,0.222222,0.888889,1.42281,0.857078,0,0,0,124.556
112,99,3,1,1,2,1,2,1,0.888889,0.222222,0.888889,1.06884,0.210132,0,0,0,125.444
112,100,3,5,2,2,3,4,3,0.888889,0.222222,0.888889,0.99968,0.303631,0,0,0,129.889
112,101,3,5,2,2,3,3,4,0.777778,0.222222,0.777778,1.1829,0.27847,0,0,0,133.778
112,102,3,1,2,2,3,3,4,0.777778,0.111111,0.777778,0.596538,0.457372,0,0,0,134.556
112,103,3,1,2,1,4,4,3,0.222222,0.222222,0.333333,1.11411,0.624552,0,0,0,134.778
112,104,3,1,1,2,1,1,2,0.666667,0.444444,0.666667,0.865485,0.574639,0,0,0,135.444
112,105,4,5,1,1,2,1,2,0.333333,0.333333,0.666667,1.51798,0.894658,0,0,0,137.111
112,106,4,5,1,2,1,1,2,0.555556,0,0.555556,1.30757,0.346506,0,0,0,139.889
112,107,4,1,1,2,1,2,1,0.666667,0.111111,0.666667,1.14157,0.412373,0,0,0,140.556
112,108,4,1,1,1,2,1,2,0.111111,0.111111,0.666667,1.25176,0.519423,0,0,0,140.667
112,109,4,5,1,2,1,1,2,0.333333,0.333333,0.333333,0.922213,0.5063,0,0,0,142.333
112,110,4,5,1,2,1,1,2,0.777778,0.444444,0.777778,1.15856,0.350931,0,0,0,146.222
112,111,4,1,1,2,1,2,1,0.777778,0.222222,0.777778,0.832462,0.354479,0,0,0,147
112,112,4,1,1,2,1,2,1,0.888889,0.111111,0.888889,1.35404,0.552671,0,0,0,147.889
112,113,4,5,1,2,1,1,2,0.555556,0.333333,0.555556,0.8739,0.562344,0,0,0,150.667
112,114,4,5,2,2,3,4,3,0.777778,0.333333,0.777778,1.04754,0.569075,0,0,0,154.556
112,115,4,1,1,2,1,1,2,0.888889,0.222222,0.888889,1.57937,0.468065,0,0,0,155.444
112,116,4,1,1,2,1,2,1,0.555556,0.111111,0.555556,1.31789,0.686654,0,0,0,156
112,117,4,5,1,1,2,1,2,0,0,0.333333,1.10096,-1,0,1,1,156
112,118,4,1,2,1,4,3,4,0,0,0.666667,1.39007,0.379686,0,0,0,156
112,119,4,1,1,2,1,2,1,1,0.222222,1,0.843454,0.302945,0,0,0,157
112,120,4,5,2,2,3,4,3,1,0.222222,1,1.11491,0.297986,0,0,0,162
112,121,4,1,2,2,3,3,4,0.555556,0.444444,0.555556,0.957589,1.02343,0,0,0,162.556
112,122,4,5,2,2,3,4,3,0.555556,0.111111,0.555556,0.82418,0.357721,0,0,0,165.333
112,123,4,1,1,2,1,1,2,0.444444,0.111111,0.444444,0.819919,0.335348,0,0,0,165.778
112,124,4,5,1,2,1,1,2,0.333333,0.444444,0.333333,0.823671,0.308517,0,0,0,167.444
112,125,4,1,1,1,2,1,2,0.333333,0.333333,0.333333,0.984484,0.378218,0,0,0,167.778
112,126,4,5,2,2,3,4,3,0.111111,0.333333,0.111111,0.947951,0.362946,0,0,0,168.333
112,127,4,5,1,1,2,1,2,0.666667,0.666667,0,1.43676,0.376636,0,0,0,171.667
112,128,4,1,2,1,4,3,4,0.666667,0.666667,0.111111,0.70518,0.393532,0,0,0,172.333
112,129,4,1,1,1,2,2,1,0.777778,0.777778,0.333333,1.11737,0.649245,0,0,0,173.111
112,130,4,1,2,1,4,3,4,0.888889,0.888889,0.333333,1.07701,0.629087,0,0,0,174
112,131,4,1,1,1,2,1,2,0.888889,0.888889,0.555556,1.72624,1.04568,0,0,0,174.889
112,132,4,5,2,1,4,3,4,0.555556,0.555556,0.777778,0.856974,0.438482,0,0,0,177.667
112,133,4,1,1,1,2,1,2,0.222222,0.222222,0.666667,0.808793,0.651799,0,0,0,177.889
112,134,4,1,2,1,4,3,4,0.333333,0.333333,1,1.08838,0.330865,0,0,0,178.222
112,135,4,5,1,2,1,1,2,0.888889,0.222222,0.888889,0.87027,0.370493,0,0,0,182.667
112,136,4,5,2,2,3,4,3,0.666667,0,0.666667,1.11307,0.440258,0,0,0,186
112,137,4,5,1,2,1,1,2,0.444444,0,0.444444,1.36613,0.679522,0,0,0,188.222
112,138,4,1,2,2,3,3,4,0.111111,0,0.111111,1.19506,0.469035,0,0,0,188.333
112,139,4,1,2,1,4,4,3,0,0,0.333333,0.79324,0.354625,0,0,0,188.333
116,0,1,5,1,1,2,1,2,0.222222,0.222222,0.555556,1.94075,0.420939,0,0,0,1.11111
116,1,1,1,1,1,2,2,1,0.222222,0.222222,0.555556,1.53733,0.836812,0,0,0,1.33333
116,2,1,5,2,1,4,4,3,0.666667,0.666667,0.888889,0.782905,1.43638,0,0,0,4.66667
116,3,1,1,1,1,2,1,2,0.444444,0.444444,0.666667,1.49713,0.741572,0,0,0,5.11111
116,4,1,5,2,1,4,3,4,0.333333,0.333333,0.555556,0.612964,0.756704,0,0,0,6.77778
116,5,1,5,2,1,4,4,3,0.222222,0.222222,0.666667,0.781506,1.19983,0,0,0,7.88889
116,6,1,5,1,1,2,2,1,0.222222,0.222222,0.666667,0.788635,0.599997,0,0,0,9
116,7,1,1,1,1,2,2,1,0,0,0.555556,0.875852,1.02812,0,0,0,9
116,8,1,1,1,2,1,1,2,0.666667,0.333333,0.666667,0.743843,1.29882,0,0,0,9.66667
116,9,1,5,2,2,3,3,4,0.444444,0.222222,0.444444,1.45361,0.586451,0,0,0,11.8889
116,10,1,5,1,2,1,2,1,0.888889,0.333333,0.888889,0.99693,0.369047,0,0,0,16.3333
116,11,1,1,1,2,1,2,1,0,0.444444,0.888889,0.952595,-1,0,1,1,16.3333
116,12,1,1,2,1,4,4,3,0.444444,0.444444,1,0.79405,0.886624,0,0,0,16.7778
116,13,1,1,1,0,-1,2,1,0,0.555556,0.888889,-1,-1,1,0,1,16.7778
116,14,1,5,1,2,1,2,1,0,0.555556,0.888889,0.674263,-1,0,1,1,16.7778
116,15,1,1,1,2,1,2,1,0.777778,0.555556,0.777778,0.61806,0.350088,0,0,0,17.5556
116,16,1,1,2,2,3,3,4,0,1,0.888889,0.859145,-1,0,1,1,17.5556
116,17,1,1,1,2,1,2,1,0.555556,0.888889,0.555556,0.878219,0.50985,0,0,0,18.1111
116,18,1,5,1,1,2,2,1,0.888889,0.888889,0.777778,0.8905,0.80376,0,0,0,22.5556
116,19,1,1,2,1,4,3,4,0.777778,0.777778,0.777778,0.726948,0.436876,0,0,0,23.3333
116,20,1,5,2,1,4,3,4,0.888889,0.888889,0.777778,0.472398,0.31831,0,0,0,27.7778
116,21,1,1,2,1,4,4,3,1,1,1,0.720168,0.580426,0,0,0,28.7778
116,22,1,1,2,2,3,3,4,0.888889,0.888889,0.888889,1.1376,0.915319,0,0,0,29.6667
116,23,1,5,2,2,3,4,3,0.777778,1,0.777778,0.716847,0.424132,0,0,0,33.5556
116,24,1,1,1,1,2,2,1,0.888889,0.888889,0.666667,0.620299,0.709087,0,0,0,34.4444
116,25,1,5,2,1,4,4,3,0.888889,0.888889,0.555556,0.36664,0.464429,0,0,0,38.8889
116,26,1,5,2,1,4,3,4,1,1,0.888889,0.634985,0.502981,0,0,0,43.8889
116,27,1,5,2,1,4,3,4,0.666667,0.666667,0.333333,0.542881,0.4777,0,0,0,47.2222
116,28,1,1,1,2,1,1,2,0,0.777778,0,0.843422,0.527636,0,0,0,47.2222
116,29,1,5,2,2,3,3,4,0.222222,0.666667,0.222222,1.09494,0.567879,0,0,0,48.3333
116,30,1,1,1,2,1,2,1,0.222222,0.555556,0.222222,0.630256,0.661133,0,0,0,48.5556
116,31,1,5,2,2,3,4,3,0,0.444444,0.222222,0.61057,-1,0,1,1,48.5556
116,32,1,1,1,1,2,2,1,0,0.777778,0.333333,1.57472,-1,0,1,1,48.5556
116,33,1,5,1,2,1,1,2,0,0.666667,0.111111,0.602929,-1,0,1,1,48.5556
116,34,1,5,1,2,1,2,1,0.222222,0.777778,0.222222,0.656529,0.37339,0,0,0,49.6667
116,35,2,1,2,1,4,3,4,0.777778,0.777778,0.111111,0.688318,0.41481,0,0,0,50.4444
116,36,2,1,2,1,4,3,4,0.888889,0.888889,0.333333,0.658477,1.1883,0,0,0,51.3333
116,37,2,1,2,1,4,3,4,0.888889,0.888889,0.444444,0.594398,0.637604,0,0,0,52.2222
116,38,2,5,1,1,2,2,1,0.888889,0.888889,0.333333,0.836264,0.87527,0,0,0,56.6667
116,39,2,1,1,2,1,2,1,0.333333,0.777778,0.333333,0.803898,0.488247,0,0,0,57
116,40,2,1,1,1,2,1,2,0.666667,0.666667,0.222222,0.814757,0.450809,0,0,0,57.6667
116,41,2,1,2,1,4,3,4,0.666667,0.666667,0,0.616389,0.555261,0,0,0,58.3333
116,42,2,1,1,1,2,1,2,1,1,0.444444,0.674933,0.599433,0,0,0,59.3333
116,43,2,5,1,1,2,2,1,0.666667,0.666667,0.666667,0.810783,0.436878,0,0,0,62.6667
116,44,2,5,1,1,2,1,2,0.777778,0.777778,0.555556,0.67039,0.450119,0,0,0,66.5556
116,45,2,5,1,1,2,1,2,0.555556,0.555556,0.333333,0.63064,0.647142,0,0,0,69.3333
116,46,2,5,1,1,2,1,2,0.555556,0.555556,0.333333,0.769273,0.292217,0,0,0,72.1111
116,47,2,5,1,2,1,1,2,0.222222,0.444444,0.222222,1.29382,0.584291,0,0,0,73.2222
116,48,2,5,1,2,1,1,2,0.666667,0.333333,0.666667,0.592923,0.537796,0,0,0,76.5556
116,49,2,5,2,2,3,4,3,0.555556,0.333333,0.555556,0.703278,0.792406,0,0,0,79.3333
116,50,2,5,1,2,1,2,1,0.444444,0.333333,0.444444,0.849926,0.351943,0,0,0,81.5556
116,51,2,1,2,1,4,4,3,0.333333,0.333333,0.333333,0.541724,0.542423,0,0,0,81.8889
116,52,2,1,2,2,3,3,4,0.555556,0.222222,0.555556,0.762522,0.474375,0,0,0,82.4444
116,53,2,5,2,2,3,3,4,0.222222,0.333333,0.222222,0.646743,0.607337,0,0,0,83.5556
116,54,2,1,2,1,4,3,4,0.111111,0.111111,0.111111,0.767497,0.529517,0,0,0,83.6667
116,55,2,5,2,2,3,4,3,0.333333,0,0.333333,0.856746,0.570804,0,0,0,85.3333
116,56,2,1,2,1,4,4,3,0,0,0.555556,0.416132,0.653816,0,0,0,85.3333
116,57,2,1,1,2,1,1,2,0.222222,0.222222,0.222222,0.618167,0.428001,0,0,0,85.5556
116,58,2,5,2,2,3,3,4,0.666667,0.555556,0.666667,0.620028,0.51008,0,0,0,88.8889
116,59,2,1,1,2,1,1,2,0.666667,0.666667,0.666667,0.549703,0.470242,0,0,0,89.5556
116,60,2,1,2,2,3,3,4,0.555556,0.555556,0.555556,0.562345,0.519926,0,0,0,90.1111
116,61,2,1,2,2,3,3,4,0.444444,0.777778,0.444444,0.893668,0.466805,0,0,0,90.5556
116,62,2,5,2,1,4,4,3,0.777778,0.777778,0.333333,0.631671,0.501999,0,0,0,94.4444
116,63,2,5,1,1,2,2,1,1,1,0.333333,0.693153,0.643024,0,0,0,99.4444
116,64,2,5,1,1,2,1,2,0.777778,0.777778,0.111111,0.871279,0.385327,0,0,0,103.333
116,65,2,5,2,1,4,3,4,0.888889,0.888889,0.222222,0.740239,0.5782,0,0,0,107.778
116,66,2,1,2,2,3,4,3,0,0.777778,0,1.09847,0.491451,0,0,0,107.778
116,67,2,1,1,2,1,1,2,0.222222,1,0.222222,0.788168,0.500033,0,0,0,108
116,68,2,1,2,2,3,4,3,0.222222,0.777778,0.222222,0.759125,0.515352,0,0,0,108.222
116,69,2,1,2,1,4,3,4,0.777778,0.777778,0.333333,1.33456,0.544408,0,0,0,109
116,70,3,5,2,1,4,3,4,0.666667,0.666667,0,0.541581,0.406538,0,0,0,112.333
116,71,3,1,1,1,2,1,2,0.666667,0.666667,0.111111,1.10509,0.594305,0,0,0,113
116,72,3,1,2,1,4,4,3,0.777778,0.777778,0.111111,1.13055,0.68667,0,0,0,113.778
116,73,3,5,1,1,2,2,1,1,1,0.111111,0.742929,0.449623,0,0,0,118.778
116,74,3,1,1,1,2,1,2,0.777778,0.777778,0.222222,1.32638,0.548624,0,0,0,119.556
116,75,3,1,1,1,2,1,2,0.333333,0.333333,0.333333,1.04148,0.505638,0,0,0,119.889
116,76,3,5,1,2,1,1,2,0.555556,0.111111,0.555556,0.735127,0.486699,0,0,0,122.667
116,77,3,1,2,2,3,3,4,0.444444,0.333333,0.444444,0.91888,0.350661,0,0,0,123.111
116,78,3,1,2,1,4,3,4,0,0,0.666667,0.757035,0.443856,0,0,0,123.111
116,79,3,1,2,2,3,4,3,0.777778,0.555556,0.777778,1.41298,0.5184,0,0,0,123.889
116,80,3,5,2,2,3,4,3,0.777778,0.555556,0.777778,0.608433,0.478631,0,0,0,127.778
116,81,3,1,1,1,2,2,1,0.444444,0.444444,0.888889,0.761343,0.563886,0,0,0,128.222
116,82,3,1,1,1,2,1,2,0.333333,0.333333,0.777778,0.668257,0.479982,0,0,0,128.556
116,83,3,5,1,2,1,1,2,0.888889,0.555556,0.888889,0.688895,0.384257,0,0,0,133
116,84,3,1,1,2,1,1,2,1,0.333333,1,0.580558,0.51927,0,0,0,134
116,85,3,1,2,2,3,3,4,0.555556,0.666667,0.555556,0.565708,0.405792,0,0,0,134.556
116,86,3,5,1,1,2,2,1,0.888889,0.888889,0.777778,0.45816,0.421654,0,0,0,139
116,87,3,5,2,1,4,4,3,0.555556,0.555556,0.888889,0.719317,0.512019,0,0,0,141.778
116,88,3,5,2,1,4,4,3,0.444444,0.444444,0.777778,0.643856,0.347159,0,0,0,144
116,89,3,5,2,2,3,3,4,0.666667,0.222222,0.666667,0.621408,0.526194,0,0,0,147.333
116,90,3,5,2,2,3,4,3,0.666667,0.444444,0.666667,0.657368,0.472851,0,0,0,150.667
116,91,3,1,1,2,1,2,1,0.666667,0.666667,0.666667,0.796779,1.54296,0,0,0,151.333
116,92,3,1,2,1,4,3,4,1,1,0.333333,0.838835,0.519488,0,0,0,152.333
116,93,3,5,1,1,2,1,2,0.777778,0.777778,0.111111,0.647,0.302418,0,0,0,156.222
116,94,3,1,1,2,1,1,2,0.222222,0.666667,0.222222,0.641337,0.55257,0,0,0,156.444
116,95,3,1,1,1,2,1,2,0.777778,0.777778,0.111111,0.732941,0.436628,0,0,0,157.222
116,96,3,5,1,2,1,1,2,0.333333,0.555556,0.333333,0.660064,0.456964,0,0,0,158.889
116,97,3,5,2,2,3,4,3,0.333333,0.777778,0.333333,1.01504,0.459125,0,0,0,160.556
116,98,3,5,1,1,2,2,1,0.444444,0.444444,0.333333,0.807296,0.486669,0,0,0,162.778
116,99,3,5,2,2,3,3,4,0.333333,0.222222,0.333333,0.668112,0.571534,0,0,0,164.444
116,100,3,5,2,1,4,4,3,0.111111,0.111111,0,0.622032,0.388612,0,0,0,165
116,101,3,5,1,2,1,1,2,0.111111,0,0.111111,0.490693,0.48717,0,0,0,165.556
116,102,3,1,2,2,3,3,4,0.111111,0.111111,0.111111,0.732969,0.358594,0,0,0,165.667
116,103,3,5,2,1,4,3,4,0.111111,0.111111,0.555556,0.44373,0.461292,0,0,0,166.222
116,104,3,5,1,2,1,1,2,0.333333,0.111111,0.333333,0.53748,0.829,0,0,0,167.889
116,105,4,1,1,2,1,1,2,0.555556,0,0.555556,0.63013,0.391546,0,0,0,168.444
116,106,4,5,2,2,3,3,4,0.666667,0,0.666667,0.530609,0.260801,0,0,0,171.778
116,107,4,1,1,1,2,1,2,0.222222,0.222222,0.777778,0.684098,0.259536,0,0,0,172
116,108,4,1,2,2,3,3,4,1,0.333333,1,0.47272,0.370764,0,0,0,173
116,109,4,1,2,2,3,3,4,1,0,1,0.586212,0.222019,0,0,0,174
116,110,4,1,2,2,3,3,4,0.777778,0.111111,0.777778,0.711219,0.388404,0,0,0,174.778
116,111,4,1,2,2,3,3,4,0.888889,0.111111,0.888889,0.620037,0.347757,0,0,0,175.667
116,112,4,5,1,2,1,1,2,0.888889,0.222222,0.888889,0.573417,0.271039,0,0,0,180.111
116,113,4,5,2,2,3,4,3,0.888889,0.222222,0.888889,0.893671,0.289696,0,0,0,184.556
116,114,4,1,2,1,4,4,3,0,0,0.666667,0.558493,0.377355,0,0,0,184.556
116,115,4,5,2,2,3,4,3,0.444444,0.222222,0.444444,0.690107,0.214866,0,0,0,186.778
116,116,4,1,1,1,2,1,2,0.555556,0.555556,0.555556,0.802529,0.370322,0,0,0,187.333
116,117,4,5,2,1,4,4,3,0.777778,0.777778,0.333333,0.804328,0.268984,0,0,0,191.222
116,118,4,5,2,1,4,4,3,0.666667,0.666667,0.777778,0.500657,0.483921,0,0,0,194.556
116,119,4,1,1,2,1,1,2,0.888889,1,0.888889,0.685195,0.402755,0,0,0,195.444
116,120,4,5,1,2,1,1,2,0.777778,0.777778,0.777778,0.62872,0.262004,0,0,0,199.333
116,121,4,1,1,1,2,2,1,0.555556,0.555556,0.888889,0.737534,0.502453,0,0,0,199.889
116,122,4,5,2,2,3,4,3,0.777778,0.777778,0.777778,0.71443,0.28861,0,0,0,203.778
116,123,4,1,2,2,3,4,3,0.555556,0.888889,0.555556,0.595951,0.249597,0,0,0,204.333
116,124,4,1,1,1,2,2,1,0.666667,0.666667,0.555556,0.389964,0.310672,0,0,0,205
116,125,4,1,2,2,3,3,4,0.333333,0.444444,0.333333,0.533074,0.233614,0,0,0,205.333
116,126,4,1,1,1,2,2,1,0,0,0.111111,0.69871,0.510323,0,0,0,205.333
116,127,4,1,2,2,3,3,4,0.444444,0.444444,0.444444,0.801578,0.384305,0,0,0,205.778
116,128,4,5,1,2,1,1,2,0.444444,0.444444,0.444444,0.509085,0.330057,0,0,0,208
116,129,4,1,2,1,4,3,4,0.222222,0.222222,0.666667,0.761217,0.305763,0,0,0,208.222
116,130,4,5,1,1,2,2,1,0.444444,0.444444,0.555556,0.480408,0.282517,0,0,0,210.444
116,131,4,5,2,2,3,4,3,0.555556,0.333333,0.555556,0.671603,0.323907,0,0,0,213.222
116,132,4,1,1,2,1,1,2,0.555556,0.555556,0.555556,0.71662,0.39386,0,0,0,213.778
116,133,4,1,1,1,2,1,2,0.333333,0.333333,0.333333,0.568641,0.548767,0,0,0,214.111
116,134,4,1,1,1,2,2,1,0,0,0.111111,0.684283,0.446909,0,0,0,214.111
116,135,4,1,2,2,3,4,3,0.222222,0.111111,0.222222,0.650004,0.214302,0,0,0,214.333
116,136,4,1,2,1,4,3,4,0,0,0.111111,0.701407,0.392575,0,0,0,214.333
116,137,4,5,1,2,1,1,2,0.111111,0.222222,0.111111,0.479424,0.363047,0,0,0,214.889
116,138,4,5,1,1,2,1,2,0.111111,0.111111,0.222222,0.465309,0.341603,0,0,0,215.444
116,139,4,5,2,1,4,4,3,0.222222,0.222222,0.111111,0.386461,0.393942,0,0,0,216.556
118,0,1,1,2,2,3,3,4,0.444444,0.777778,0.444444,1.75094,0.772623,0,0,0,0.444444
118,1,1,5,1,2,1,2,1,0.555556,0.333333,0.555556,1.52045,0.320746,0,0,0,3.22222
118,2,1,5,2,1,4,3,4,0.555556,0.555556,0.666667,0.836438,0.42751,0,0,0,6
118,3,1,1,1,1,2,1,2,0,0,0.777778,1.31441,0.613191,0,0,0,6
118,4,1,5,1,2,1,1,2,0.777778,0,0.777778,1.2899,0.255558,0,0,0,9.88889
118,5,1,5,2,1,4,3,4,0.444444,0.444444,0.888889,1.55581,0.227078,0,0,0,12.1111
118,6,1,5,2,2,3,3,4,0.666667,0.555556,0.666667,1.72258,0.473813,0,0,0,15.4444
118,7,1,5,2,2,3,4,3,0.888889,0.777778,0.888889,1.74423,0.411038,0,0,0,19.8889
118,8,1,1,2,2,3,3,4,0,0.777778,0.777778,0.927139,-1,0,1,1,19.8889
118,9,1,1,1,2,1,1,2,0.555556,1,0.555556,1.63591,0.468242,0,0,0,20.4444
118,10,1,1,2,1,4,3,4,0.444444,0.444444,0.666667,1.44962,0.472102,0,0,0,20.8889
118,11,1,5,1,1,2,1,2,0.888889,0.888889,0.888889,1.1061,0.714099,0,0,0,25.3333
118,12,1,1,1,2,1,1,2,1,0.888889,1,1.75655,0.321108,0,0,0,26.3333
118,13,1,1,1,1,2,1,2,0.777778,0.777778,0.888889,1.64295,0.461418,0,0,0,27.1111
118,14,1,5,2,1,4,4,3,0.777778,0.777778,0.777778,1.3454,0.242959,0,0,0,31
118,15,1,1,1,2,1,1,2,0.666667,1,0.666667,1.7827,0.396189,0,0,0,31.6667
118,16,1,1,2,1,4,4,3,0.888889,0.888889,0.666667,1.12591,0.253385,0,0,0,32.5556
118,17,1,1,2,1,4,4,3,0.444444,0.444444,0.444444,0.803429,0.380143,0,0,0,33
118,18,1,5,1,2,1,1,2,0.333333,0,0.333333,1.63761,0.478718,0,0,0,34.6667
118,19,1,5,1,2,1,2,1,0.555556,0.111111,0.555556,1.40445,0.301294,0,0,0,37.4444
118,20,1,1,1,2,1,2,1,1,0.333333,1,1.22566,0.26588,0,0,0,38.4444
118,21,1,1,2,2,3,3,4,0.888889,0.555556,0.888889,1.49022,0.34193,0,0,0,39.3333
118,22,1,5,1,2,1,1,2,0.666667,0.444444,0.666667,1.26126,0.506613,0,0,0,42.6667
118,23,1,5,2,2,3,4,3,0.888889,0.666667,0.888889,1.5781,0.389242,0,0,0,47.1111
118,24,1,5,2,2,3,4,3,0.888889,1,0.888889,1.41118,0.459134,0,0,0,51.5556
118,25,1,1,1,2,1,2,1,0.777778,0.777778,0.777778,1.24959,0.435292,0,0,0,52.3333
118,26,1,1,1,2,1,2,1,0.777778,0.333333,0.777778,0.989334,0.54758,0,0,0,53.1111
118,27,1,5,2,2,3,4,3,0.666667,0.222222,0.666667,1.33586,0.299385,0,0,0,56.4444
118,28,1,1,1,1,2,2,1,0.222222,0.222222,0.777778,1.41636,0.508255,0,0,0,56.6667
118,29,1,5,2,2,3,4,3,0.888889,0.111111,0.888889,1.43039,0.260141,0,0,0,61.1111
118,30,1,1,2,2,3,4,3,1,0.222222,1,1.36475,0.349737,0,0,0,62.1111
118,31,1,5,2,2,3,3,4,1,0,1,1.43619,0.2829,0,0,0,67.1111
118,32,1,1,2,1,4,3,4,0.111111,0.111111,0.777778,1.60817,0.249667,0,0,0,67.2222
118,33,1,5,2,2,3,4,3,0.777778,0,0.777778,0.862956,0.266697,0,0,0,71.1111
118,34,1,5,2,2,3,3,4,0.888889,0.111111,0.888889,1.28316,0.34877,0,0,0,75.5556
118,35,2,5,2,2,3,3,4,0.555556,0.111111,0.555556,1.56067,0.395778,0,0,0,78.3333
118,36,2,1,1,2,1,1,2,0.666667,0.222222,0.666667,1.29931,0.32976,0,0,0,79
118,37,2,1,1,1,2,2,1,0.222222,0.222222,0.444444,1.55544,0.303297,0,0,0,79.2222
118,38,2,1,1,2,1,2,1,0.555556,0.333333,0.555556,1.06464,0.214236,0,0,0,79.7778
118,39,2,1,1,2,1,1,2,0.777778,0.555556,0.777778,0.854359,0.401155,0,0,0,80.5556
118,40,2,5,2,2,3,4,3,0.777778,0.555556,0.777778,1.57461,0.386861,0,0,0,84.4444
118,41,2,5,1,2,1,2,1,0.666667,0.777778,0.666667,1.54484,0.220966,0,0,0,87.7778
118,42,2,5,2,2,3,4,3,0.888889,0.777778,0.888889,1.44106,0.197606,0,0,0,92.2222
118,43,2,5,1,2,1,1,2,1,0.888889,1,0.769788,0.339274,0,0,0,97.2222
118,44,2,1,2,2,3,4,3,1,1,1,1.21093,0.399013,0,0,0,98.2222
118,45,2,5,2,2,3,3,4,0.777778,1,0.777778,1.12504,0.489578,0,0,0,102.111
118,46,2,1,1,2,1,2,1,0.777778,0.777778,0.777778,1.08167,0.313476,0,0,0,102.889
118,47,2,5,1,2,1,1,2,0.777778,0.777778,0.777778,0.92452,0.29249,0,0,0,106.778
118,48,2,5,2,2,3,3,4,0.777778,0.222222,0.777778,1.247,0.32778,0,0,0,110.667
118,49,2,5,1,2,1,2,1,0.555556,0.222222,0.555556,1.17974,0.482138,0,0,0,113.444
118,50,2,1,1,1,2,1,2,0.444444,0.444444,0.777778,1.44948,0.234381,0,0,0,113.889
118,51,2,5,2,2,3,3,4,0.888889,0.444444,0.888889,1.83816,0.506166,0,0,0,118.333
118,52,2,1,1,1,2,2,1,0.222222,0.222222,0.666667,1.52939,0.224356,0,0,0,118.556
118,53,2,5,1,2,1,1,2,0.666667,0.222222,0.666667,0.961857,0.302672,0,0,0,121.889
118,54,2,5,2,2,3,3,4,0.888889,0.111111,0.888889,1.71108,0.419761,0,0,0,126.333
118,55,2,1,2,1,4,4,3,0,0,0.888889,1.45838,0.341178,0,0,0,126.333
118,56,2,1,1,2,1,1,2,0.777778,0.222222,0.777778,1.64112,0.236926,0,0,0,127.111
118,57,2,1,1,2,1,1,2,1,0.333333,1,1.69983,0.257996,0,0,0,128.111
118,58,2,1,1,2,1,1,2,0.888889,0.444444,0.888889,0.782731,0.595289,0,0,0,129
118,59,2,5,2,2,3,4,3,1,0.222222,1,1.09858,0.243973,0,0,0,134
118,60,2,5,2,0,-1,3,4,0,0.222222,0.777778,-1,-1,1,0,1,134
118,61,2,1,1,2,1,2,1,0.555556,0.222222,0.555556,1.26716,0.425099,0,0,0,134.556
118,62,2,1,2,2,3,3,4,0.444444,0.555556,0.444444,1.99132,0.401796,0,0,0,135
118,63,2,1,1,2,1,2,1,0.222222,0.666667,0.222222,0.94537,0.257743,0,0,0,135.222
118,64,2,5,1,2,1,2,1,0.222222,0.555556,0.222222,1.21617,0.229624,0,0,0,136.333
118,65,2,1,1,1,2,2,1,0.444444,0.444444,0.222222,0.75139,0.207465,0,0,0,136.778
118,66,2,5,2,1,4,3,4,0.555556,0.555556,0,1.29734,0.179947,0,0,0,139.556
118,67,2,5,1,1,2,2,1,0.555556,0.555556,0,1.4212,0.285634,0,0,0,142.333
118,68,2,5,1,2,1,2,1,0.222222,0.888889,0.222222,0.978687,0.225672,0,0,0,143.444
118,69,2,1,2,2,3,3,4,0.111111,0.777778,0.111111,1.61303,0.239008,0,0,0,143.556
118,70,3,1,1,1,2,1,2,0.888889,0.888889,0.333333,1.04245,0.262219,0,0,0,144.444
118,71,3,5,1,1,2,1,2,0.666667,0.666667,0.333333,1.01145,0.224373,0,0,0,147.778
118,72,3,5,1,1,2,2,1,0.666667,0.666667,0.444444,1.16261,0.194412,0,0,0,151.111
118,73,3,5,1,1,2,2,1,0.555556,0.555556,0.555556,0.68954,0.238975,0,0,0,153.889
118,74,3,5,2,1,4,4,3,0.222222,0.222222,0.555556,1.36913,0.20907,0,0,0,155
118,75,3,5,2,2,3,4,3,0.666667,0.333333,0.666667,0.961595,0.29147,0,0,0,158.333
118,76,3,1,2,1,4,4,3,0.444444,0.444444,0.555556,1.46318,0.327972,0,0,0,158.778
118,77,3,5,2,2,3,3,4,0.555556,0.555556,0.555556,1.45999,0.2767,0,0,0,161.556
118,78,3,1,2,1,4,3,4,0.555556,0.555556,0.444444,1.40599,0.210186,0,0,0,162.111
118,79,3,5,1,1,2,2,1,0.555556,0.555556,0.333333,1.70395,0.345744,0,0,0,164.889
118,80,3,1,2,1,4,3,4,0.333333,0.333333,0.777778,1.35301,0.211289,0,0,0,165.222
118,81,3,1,1,1,2,2,1,0.888889,0.888889,0.777778,0.86336,0.282646,0,0,0,166.111
118,82,3,5,2,1,4,3,4,0.888889,0.888889,0.333333,1.65679,0.224848,0,0,0,170.556
118,83,3,5,2,1,4,3,4,0.888889,0.888889,0.555556,0.863529,0.219747,0,0,0,175
118,84,3,1,1,2,1,1,2,0.333333,0.666667,0.333333,0.849189,0.198731,0,0,0,175.333
118,85,3,1,2,2,3,4,3,0.444444,0.777778,0.444444,0.918189,0.277235,0,0,0,175.778
118,86,3,5,2,1,4,3,4,0.666667,0.666667,0.333333,1.28183,0.227515,0,0,0,179.111
118,87,3,1,2,2,3,4,3,0.444444,0.888889,0.444444,1.01474,0.166567,0,0,0,179.556
118,88,3,1,1,2,1,2,1,0.444444,0.888889,0.444444,1.44058,0.164193,0,0,0,180
118,89,3,5,1,1,2,1,2,0.777778,0.777778,0.666667,1.29182,0.0949507,0,0,0,183.889
118,90,3,1,2,2,3,3,4,0.555556,0.888889,0.555556,1.15523,0.216307,0,0,0,184.444
118,91,3,5,2,1,4,3,4,0.666667,0.666667,0,1.45006,0.232111,0,0,0,187.778
118,92,3,1,1,2,1,1,2,0.111111,0.555556,0.111111,1.21794,0.248637,0,0,0,187.889
118,93,3,1,2,2,3,3,4,0.111111,0.666667,0.111111,1.4441,0.201362,0,0,0,188
118,94,3,1,2,1,4,4,3,0.444444,0.444444,0.222222,0.558436,0.22041,0,0,0,188.444
118,95,3,5,1,1,2,2,1,0.333333,0.333333,0.444444,1.23739,0.147592,0,0,0,190.111
118,96,3,5,2,1,4,3,4,0.666667,0.666667,0.111111,0.894204,0.215225,0,0,0,193.444
118,97,3,5,2,1,4,3,4,0.777778,0.777778,0,0.835146,0.209193,0,0,0,197.333
118,98,3,5,2,1,4,4,3,0.777778,0.777778,0,0.623673,0.355586,0,0,0,201.222
118,99,3,5,1,1,2,2,1,0.444444,0.444444,0.222222,1.21056,0.208203,0,0,0,203.444
118,100,3,1,1,2,1,1,2,0.555556,0.444444,0.555556,1.73178,1.12461,0,0,0,204
118,101,3,1,2,2,3,4,3,0.333333,0.111111,0.333333,1.36957,0.199367,0,0,0,204.333
118,102,3,1,1,1,2,1,2,0.111111,0.111111,0.666667,1.45007,0.15786,0,0,0,204.444
118,103,3,1,1,1,2,2,1,0.444444,0.444444,0.555556,1.43144,0.218299,0,0,0,204.889
118,104,3,1,2,2,3,4,3,0.444444,1,0.444444,1.48839,0.199068,0,0,0,205.333
118,105,4,1,2,2,3,4,3,0.555556,0.888889,0.555556,1.6166,0.249764,0,0,0,205.889
118,106,4,5,2,2,3,3,4,0.666667,0.666667,0.666667,1.41353,0.284238,0,0,0,209.222
118,107,4,5,1,2,1,1,2,0.777778,0.333333,0.777778,0.78607,0.102607,0,0,0,213.111
118,108,4,1,2,1,4,4,3,0.333333,0.333333,0.888889,1.01639,0.341571,0,0,0,213.444
118,109,4,5,1,2,1,2,1,0.888889,0.333333,0.888889,1.34005,0.202925,0,0,0,217.889
118,110,4,1,1,1,2,2,1,0.555556,0.555556,1,1.24873,0.250149,0,0,0,218.444
118,111,4,1,2,1,4,3,4,0.444444,0.444444,0.888889,0.925219,0.212214,0,0,0,218.889
118,112,4,1,1,1,2,2,1,0.222222,0.222222,0.444444,0.958974,0.292986,0,0,0,219.111
118,113,4,5,1,2,1,1,2,0.111111,0.111111,0.111111,0.629512,0.306543,0,0,0,219.667
118,114,4,5,1,1,2,1,2,0.333333,0.333333,0.333333,0.882709,0.101047,0,0,0,221.333
118,115,4,1,2,1,4,4,3,0.222222,0.222222,0.333333,0.843906,0.262374,0,0,0,221.556
118,116,4,5,2,2,3,4,3,0.333333,0.222222,0.333333,1.10315,0.197757,0,0,0,223.222
118,117,4,1,1,1,2,2,1,0.222222,0.222222,0.222222,1.03188,0.214921,0,0,0,223.444
118,118,4,5,1,2,1,2,1,0.555556,0.111111,0.555556,0.596749,0.216221,0,0,0,226.222
118,119,4,1,2,2,3,3,4,0.777778,0.222222,0.777778,1.13883,0.233739,0,0,0,227
118,120,4,1,1,2,1,1,2,0.666667,0,0.666667,0.628159,0.208048,0,0,0,227.667
118,121,4,1,1,2,1,1,2,0.666667,0.111111,0.666667,0.94741,0.210704,0,0,0,228.333
118,122,4,5,2,2,3,4,3,0.777778,0,0.777778,1.25351,0.176692,0,0,0,232.222
118,123,4,5,2,2,3,3,4,0.444444,0,0.444444,0.941196,0.261127,0,0,0,234.444
118,124,4,5,2,2,3,3,4,0.333333,0.222222,0.333333,1.18818,0.126184,0,0,0,236.111
118,125,4,1,2,2,3,4,3,0.222222,0,0.222222,0.8469,0.33216,0,0,0,236.333
118,126,4,5,1,1,2,1,2,0.333333,0.333333,0,0.784545,0.278257,0,0,0,238
118,127,4,5,2,1,4,4,3,0,0,0,1.04369,0.188239,0,0,0,238
118,128,4,5,2,2,3,4,3,0.444444,0.333333,0.444444,0.613806,0.166582,0,0,0,240.222
118,129,4,1,1,2,1,2,1,0.444444,0.444444,0.444444,0.737029,0.133732,0,0,0,240.667
118,130,4,1,1,2,1,1,2,0.444444,0.666667,0.444444,0.771705,0.194221,0,0,0,241.111
118,131,4,5,2,1,4,3,4,0.555556,0.555556,0.444444,1.44914,0.347175,0,0,0,243.889
118,132,4,5,1,2,1,2,1,0.444444,0.555556,0.444444,1.0574,0.261542,0,0,0,246.111
118,133,4,5,1,2,1,2,1,0.444444,0.555556,0.444444,0.831162,0.253091,0,0,0,248.333
118,134,4,1,1,2,1,2,1,0.666667,0.888889,0.666667,0.783074,0.156146,0,0,0,249
118,135,4,1,1,2,1,2,1,0.666667,0.888889,0.666667,0.727817,0.330457,0,0,0,249.667
118,136,4,5,1,2,1,2,1,0.444444,1,0.444444,0.646922,0.177804,0,0,0,251.889
118,137,4,1,2,2,3,3,4,0.333333,0.888889,0.333333,1.25871,0.237524,0,0,0,252.222
118,138,4,5,1,2,1,2,1,0.222222,0.777778,0.222222,0.845885,0.212887,0,0,0,253.333
118,139,4,5,1,2,1,1,2,0.444444,0.888889,0.444444,1.00446,0.127758,0,0,0,255.556
122,0,1,1,2,0,-1,3,4,0,0.777778,0.333333,-1,-1,1,0,1,0
122,1,1,1,1,1,2,2,1,0.666667,0.666667,0.111111,0.747158,0.976806,0,0,0,0.666667
122,2,1,1,1,1,2,1,2,0.555556,0.555556,0.111111,0.582005,1.44735,0,0,0,1.22222
122,3,1,5,2,2,3,4,3,0,0.222222,0,0.881401,0.920181,0,0,0,1.22222
122,4,1,5,1,1,2,1,2,0,0.111111,0.555556,1.31519,-1,0,1,1,1.22222
122,5,1,1,2,1,4,4,3,0,0.222222,0.666667,1.56986,-1,0,1,1,1.22222
122,6,1,5,2,2,3,4,3,1,0.333333,1,0.54371,0.426258,0,0,0,6.22222
122,7,1,1,1,2,1,2,1,1,0.666667,1,1.11438,0.505466,0,0,0,7.22222
122,8,1,5,1,2,1,1,2,0.777778,0.777778,0.777778,0.661543,0.526672,0,0,0,11.1111
122,9,1,1,2,1,4,3,4,0.888889,0.888889,0.777778,1.27597,0.545474,0,0,0,12
122,10,1,1,2,1,4,3,4,0.888889,0.888889,0.777778,1.21392,0.452508,0,0,0,12.8889
122,11,1,1,2,2,3,3,4,0.666667,0.888889,0.666667,1.59033,0.816253,0,0,0,13.5556
122,12,1,1,2,1,4,3,4,1,1,0.888889,0.597543,1.07251,0,0,0,14.5556
122,13,1,5,2,1,4,4,3,0.777778,0.777778,1,0.756594,0.328897,0,0,0,18.4444
122,14,1,5,2,1,4,3,4,0.888889,0.888889,1,0.743155,0.517503,0,0,0,22.8889
122,15,1,5,1,2,1,1,2,1,0.888889,1,1.31006,1.34648,0,0,0,27.8889
122,16,1,5,1,2,1,1,2,0.777778,0.777778,0.777778,1.27057,0.302724,0,0,0,31.7778
122,17,1,5,1,1,2,2,1,0.777778,0.777778,0.333333,1.26898,0.271403,0,0,0,35.6667
122,18,1,5,2,1,4,3,4,0.444444,0.444444,0.777778,1.29851,0.283519,0,0,0,37.8889
122,19,1,5,1,2,1,1,2,0.777778,0.333333,0.777778,0.988428,1.08197,0,0,0,41.7778
122,20,1,1,1,2,1,1,2,0.777778,0.444444,0.777778,1.09883,0.594624,0,0,0,42.5556
122,21,1,1,2,2,3,3,4,0.555556,0.333333,0.555556,1.13317,0.693721,0,0,0,43.1111
122,22,1,1,1,1,2,1,2,0.555556,0.555556,0.444444,1.05492,0.464354,0,0,0,43.6667
122,23,1,1,1,1,2,2,1,0.444444,0.444444,0.222222,1.012,0.361519,0,0,0,44.1111
122,24,1,5,2,2,3,4,3,0,0.555556,0,1.39896,0.663188,0,0,0,44.1111
122,25,1,1,2,1,4,4,3,0.444444,0.444444,0.111111,1.26689,0.274129,0,0,0,44.5556
122,26,1,5,2,1,4,4,3,0.111111,0.111111,0.333333,0.836638,0.302679,0,0,0,45.1111
122,27,1,5,2,2,3,4,3,0.333333,0,0.333333,0.948125,1.09261,0,0,0,46.7778
122,28,1,5,2,2,3,4,3,0.888889,0,0.888889,1.05892,0.780598,0,0,0,51.2222
122,29,1,1,1,2,1,2,1,0.777778,0,0.777778,0.973628,0.829811,0,0,0,52
122,30,1,1,2,2,3,3,4,0.444444,0,0.444444,1.54862,0.275282,0,0,0,52.4444
122,31,1,5,2,1,4,3,4,0.111111,0.111111,0.333333,0.609963,0.302306,0,0,0,53
122,32,1,1,1,2,1,2,1,0.444444,0.444444,0.444444,1.17269,0.318389,0,0,0,53.4444
122,33,1,1,1,1,2,1,2,0.666667,0.666667,0.333333,1.59732,0.318326,0,0,0,54.1111
122,34,1,1,1,1,2,2,1,0.777778,0.777778,0.222222,1.02751,0.237814,0,0,0,54.8889
122,35,2,5,2,2,3,4,3,0.555556,0.777778,0.555556,1.76574,0.901967,0,0,0,57.6667
122,36,2,5,2,1,4,3,4,0.333333,0.333333,0.777778,0.618137,0.581123,0,0,0,59.3333
122,37,2,1,1,2,1,1,2,1,0.555556,1,1.67122,0.825157,0,0,0,60.3333
122,38,2,5,1,2,1,1,2,0.777778,0.555556,0.777778,1.44563,0.263184,0,0,0,64.2222
122,39,2,5,1,1,2,1,2,0.888889,0.888889,1,1.29852,0.537024,0,0,0,68.6667
122,40,2,1,1,1,2,1,2,0.555556,0.555556,1,1.26286,0.386225,0,0,0,69.2222
122,41,2,1,2,2,3,3,4,0.888889,0.666667,0.888889,1.13146,0.658954,0,0,0,70.1111
122,42,2,1,2,2,3,4,3,0.888889,0.777778,0.888889,1.72256,1.1204,0,0,0,71
122,43,2,1,1,2,1,1,2,0.888889,0.888889,0.888889,1.05779,0.26685,0,0,0,71.8889
122,44,2,5,1,1,2,1,2,0.444444,0.444444,0.666667,1.08673,0.264479,0,0,0,74.1111
122,45,2,5,2,2,3,4,3,0.666667,0.555556,0.666667,0.802755,1.27262,0,0,0,77.4444
122,46,2,5,1,2,1,1,2,0.666667,0.555556,0.666667,1.46893,0.961996,0,0,0,80.7778
122,47,2,1,1,2,1,2,1,0.555556,0.666667,0.555556,1.58288,0.454315,0,0,0,81.3333
122,48,2,5,2,2,3,3,4,0.777778,0.333333,0.777778,1.98535,1.00518,0,0,0,85.2222
122,49,2,5,1,1,2,1,2,0.555556,0.555556,0.777778,1.49356,0.649291,0,0,0,88
122,50,2,1,1,2,1,2,1,0.888889,0.888889,0.888889,1.27342,0.431102,0,0,0,88.8889
122,51,2,1,2,2,3,4,3,1,0.888889,1,1.71154,0.322053,0,0,0,89.8889
122,52,2,5,1,2,1,2,1,0.555556,0.888889,0.555556,1.19788,0.549349,0,0,0,92.6667
122,53,2,5,2,1,4,4,3,1,1,0.666667,0.828673,0.621062,0,0,0,97.6667
122,54,2,1,1,2,1,2,1,0.888889,1,0.888889,1.76823,0.259679,0,0,0,98.5556
122,55,2,5,1,2,1,2,1,0.888889,0.777778,0.888889,0.97018,0.202161,0,0,0,103
122,56,2,5,1,2,1,1,2,0.888889,0.777778,0.888889,1.05638,0.242694,0,0,0,107.444
122,57,2,5,2,2,3,3,4,0.666667,0.666667,0.666667,1.19271,0.539789,0,0,0,110.778
122,58,2,1,1,1,2,1,2,0.555556,0.555556,0.444444,0.866023,0.549045,0,0,0,111.333
122,59,2,1,1,2,1,2,1,0.222222,0.555556,0.222222,1.24436,0.260435,0,0,0,111.556
122,60,2,5,2,1,4,3,4,0.777778,0.777778,0.333333,1.14935,0.692732,0,0,0,115.444
122,61,2,1,1,2,1,2,1,0.111111,0.555556,0.111111,1.82077,0.761005,0,0,0,115.556
122,62,2,5,2,1,4,3,4,0.555556,0.555556,0,0.747642,0.292125,0,0,0,118.333
122,63,2,1,1,2,1,2,1,0,0.777778,0.111111,1.61862,-1,0,1,1,118.333
122,64,2,1,1,2,1,1,2,0.333333,0.666667,0.333333,0.971905,0.457522,0,0,0,118.667
122,65,2,5,2,1,4,3,4,0.111111,0.111111,0.333333,0.667735,0.295919,0,0,0,119.222
122,66,2,1,2,2,3,4,3,0.333333,0,0.333333,1.76119,0.263973,0,0,0,119.556
122,67,2,5,1,1,2,2,1,0.222222,0.222222,0.222222,1.87104,0.266598,0,0,0,120.667
122,68,2,1,1,2,1,1,2,0.222222,0.333333,0.222222,1.42709,0.374576,0,0,0,120.889
122,69,2,1,1,1,2,2,1,0.444444,0.444444,0,0.618321,0.220482,0,0,0,121.333
122,70,3,5,2,1,4,4,3,0.444444,0.444444,0,1.80583,0.435242,0,0,0,123.556
122,71,3,5,2,2,3,4,3,0.222222,0.333333,0.222222,1.41592,0.2754,0,0,0,124.667
122,72,3,5,1,1,2,2,1,0.444444,0.444444,0.333333,1.45668,0.487212,0,0,0,126.889
122,73,3,5,1,1,2,1,2,0.333333,0.333333,0.333333,1.43012,0.591349,0,0,0,128.556
122,74,3,5,1,1,2,1,2,0.555556,0.555556,0.444444,0.861645,0.212253,0,0,0,131.333
122,75,3,1,1,2,1,2,1,0.222222,0.555556,0.222222,0.56156,0.326401,0,0,0,131.556
122,76,3,5,2,1,4,3,4,0.555556,0.555556,0.444444,0.793296,0.222757,0,0,0,134.333
122,77,3,5,2,1,4,4,3,0.222222,0.222222,0,0.549974,0.270784,0,0,0,135.444
122,78,3,1,2,2,3,4,3,0.111111,0.111111,0.111111,1.17813,0.478558,0,0,0,135.556
122,79,3,1,2,1,4,4,3,0.111111,0.111111,0.666667,0.677812,0.458514,0,0,0,135.667
122,80,3,1,2,2,3,3,4,0.555556,0.222222,0.555556,1.40984,0.989929,0,0,0,136.222
122,81,3,1,2,2,3,3,4,0.444444,0.333333,0.444444,1.50018,0.372696,0,0,0,136.667
122,82,3,1,2,1,4,3,4,0.444444,0.444444,0.222222,0.509062,0.473341,0,0,0,137.111
122,83,3,1,1,1,2,1,2,0.555556,0.555556,0,1.46451,0.284202,0,0,0,137.667
122,84,3,5,2,1,4,4,3,0.333333,0.333333,0.222222,0.597563,0.256662,0,0,0,139.333
122,85,3,5,1,2,1,1,2,0.222222,0.222222,0.222222,0.952463,0.554225,0,0,0,140.444
122,86,3,5,1,1,2,1,2,0,0,0.111111,1.20385,0.672281,0,0,0,140.444
122,87,3,1,1,2,1,2,1,0.222222,0.333333,0.222222,0.645995,0.438272,0,0,0,140.667
122,88,3,5,2,2,3,3,4,0,0.111111,0,0.816429,0.527499,0,0,0,140.667
122,89,3,1,2,1,4,3,4,0.222222,0.222222,0.444444,0.563151,0.228299,0,0,0,140.889
122,90,3,5,1,1,2,2,1,0.222222,0.222222,0.666667,1.08198,0.672274,0,0,0,142
122,91,3,1,2,2,3,4,3,0.666667,0.111111,0.666667,1.39572,0.479176,0,0,0,142.667
122,92,3,5,1,1,2,1,2,0.222222,0.222222,0.555556,0.972662,0.201493,0,0,0,143.778
122,93,3,5,1,2,1,1,2,0.666667,0.222222,0.666667,0.79881,0.333523,0,0,0,147.111
122,94,3,5,1,2,1,1,2,0.666667,0.444444,0.666667,0.760741,0.588699,0,0,0,150.444
122,95,3,5,1,2,1,1,2,0.666667,0.444444,0.666667,0.770181,0.248222,0,0,0,153.778
122,96,3,1,2,1,4,3,4,0.222222,0.222222,0.777778,0.536586,0.58232,0,0,0,154
122,97,3,1,1,2,1,2,1,0.666667,0.555556,0.666667,0.823693,0.311285,0,0,0,154.667
122,98,3,5,2,2,3,3,4,0.666667,0.444444,0.666667,1.48248,0.47664,0,0,0,158
122,99,3,1,1,1,2,2,1,0.444444,0.444444,0.555556,1.9272,0.666281,0,0,0,158.444
122,100,3,1,2,2,3,3,4,0.222222,0.777778,0.222222,1.52299,0.405387,0,0,0,158.667
122,101,3,5,1,1,2,1,2,0.333333,0.333333,0.222222,0.842381,0.728588,0,0,0,160.333
122,102,3,1,2,2,3,3,4,0.222222,0.444444,0.222222,1.80366,0.448691,0,0,0,160.556
122,103,3,1,2,1,4,4,3,0.666667,0.666667,0.666667,1.05563,0.585973,0,0,0,161.222
122,104,3,5,1,1,2,1,2,0.666667,0.666667,0.777778,1.23926,0.256394,0,0,0,164.556
122,105,4,1,1,1,2,2,1,0.888889,0.888889,0.555556,0.592704,0.345525,0,0,0,165.444
122,106,4,1,1,2,1,1,2,0.444444,0.555556,0.444444,0.856492,0.517495,0,0,0,165.889
122,107,4,1,1,1,2,1,2,0.777778,0.777778,0.555556,1.09889,0.332539,0,0,0,166.667
122,108,4,1,2,2,3,3,4,1,0.888889,1,1.31172,0.247854,0,0,0,167.667
122,109,4,5,2,2,3,4,3,0.777778,0.777778,0.777778,1.23078,0.29905,0,0,0,171.556
122,110,4,5,2,1,4,3,4,0.666667,0.666667,0.555556,1.02111,0.225097,0,0,0,174.889
122,111,4,5,2,2,3,4,3,0.444444,0.444444,0.444444,1.27192,0.212491,0,0,0,177.111
122,112,4,5,2,1,4,4,3,0.555556,0.555556,0.555556,0.573549,0.361695,0,0,0,179.889
122,113,4,1,2,2,3,4,3,0.444444,0.555556,0.444444,1.32811,0.462391,0,0,0,180.333
122,114,4,1,1,1,2,1,2,0.333333,0.333333,0.222222,0.895542,0.395577,0,0,0,180.667
122,115,4,5,1,2,1,2,1,0,0.444444,0,1.07778,0.267313,0,0,0,180.667
122,116,4,5,2,1,4,3,4,0.444444,0.444444,0,0.50695,0.788213,0,0,0,182.889
122,117,4,5,2,1,4,3,4,0.666667,0.666667,0.111111,0.792498,0.498305,0,0,0,186.222
122,118,4,1,2,0,-1,3,4,0,0.444444,0.222222,-1,-1,1,0,1,186.222
122,119,4,5,1,1,2,1,2,0.777778,0.777778,0.333333,1.70463,0.596441,0,0,0,190.111
122,120,4,1,1,2,1,2,1,0.333333,1,0.333333,1.03855,0.649788,0,0,0,190.444
122,121,4,5,1,1,2,1,2,0.666667,0.666667,0.222222,0.836951,0.231942,0,0,0,193.778
122,122,4,1,2,2,3,4,3,0.333333,0.444444,0.333333,1.3478,0.315225,0,0,0,194.111
122,123,4,5,1,1,2,2,1,0.666667,0.666667,0.444444,0.725448,0.345602,0,0,0,197.444
122,124,4,1,1,2,1,2,1,0.666667,0.555556,0.666667,1.25834,0.307832,0,0,0,198.111
122,125,4,1,2,1,4,4,3,0.333333,0.333333,0.777778,0.749912,0.207703,0,0,0,198.444
122,126,4,1,1,2,1,2,1,0.888889,0.444444,0.888889,0.47223,0.290437,0,0,0,199.333
122,127,4,5,1,2,1,1,2,0.888889,0.333333,0.888889,0.663863,0.229973,0,0,0,203.778
122,128,4,1,1,2,1,1,2,0.555556,0.555556,0.555556,1.20912,0.229352,0,0,0,204.333
122,129,4,5,1,1,2,1,2,0.666667,0.666667,0.555556,1.11898,0.261754,0,0,0,207.667
122,130,4,5,1,1,2,1,2,0.777778,0.777778,0.444444,0.69777,0.239792,0,0,0,211.556
122,131,4,5,2,1,4,3,4,0.777778,0.777778,0.111111,0.793875,0.367603,0,0,0,215.444
122,132,4,1,1,1,2,2,1,0.888889,0.888889,0.333333,1.67461,0.529258,0,0,0,216.333
122,133,4,5,1,1,2,2,1,0.555556,0.555556,0,0.668392,0.292841,0,0,0,219.111
122,134,4,1,2,2,3,4,3,0,0.777778,0,1.29804,0.521214,0,0,0,219.111
122,135,4,1,1,2,1,2,1,0.111111,0.888889,0.111111,1.46508,0.376477,0,0,0,219.222
122,136,4,5,2,0,-1,4,3,0,0.888889,0.111111,-1,-1,1,0,1,219.222
122,137,4,5,1,1,2,2,1,0.777778,0.777778,0.333333,1.01479,0.2569,0,0,0,223.111
122,138,4,5,2,1,4,3,4,0.777778,0.777778,0.333333,0.739602,0.424277,0,0,0,227
122,139,4,1,2,2,3,4,3,0.777778,0.555556,0.777778,0.980036,0.4309,0,0,0,227.778
106,0,1,1,2,1,4,4,3,0.444444,0.444444,0.777778,0.642212,0.528366,0,0,0,0.444444
106,1,1,1,2,2,3,4,3,0.444444,0.333333,0.444444,0.334108,0.164505,0,0,0,0.888889
106,2,1,1,2,1,4,3,4,0.111111,0.111111,0.444444,0.593272,0.320138,0,0,0,1
106,3,1,1,1,2,1,2,1,0.333333,0.111111,0.333333,0.799123,0.708072,0,0,0,1.33333
106,4,1,1,1,2,1,2,1,0,0,0,1.60539,0.546624,0,0,0,1.33333
106,5,1,5,1,1,2,2,1,0.222222,0.222222,0.222222,0.58039,0.46927,0,0,0,2.44444
106,6,1,5,2,2,3,3,4,0.222222,0.333333,0.222222,0.681369,0.294616,0,0,0,3.55556
106,7,1,5,2,1,4,3,4,0.444444,0.444444,0.222222,1.02869,0.250138,0,0,0,5.77778
106,8,1,5,1,1,2,2,1,0.333333,0.333333,0.444444,0.874436,0.258863,0,0,0,7.44444
106,9,1,5,1,2,1,1,2,0.111111,0.555556,0.111111,0.737456,0.192316,0,0,0,8
106,10,1,5,1,1,2,1,2,0.222222,0.222222,0.222222,0.487306,0.336811,0,0,0,9.11111
106,11,1,5,1,1,2,2,1,0.111111,0.111111,0,1.05119,0.169599,0,0,0,9.66667
106,12,1,1,2,2,3,4,3,0.111111,0.222222,0.111111,1.02017,0.0100694,0,0,0,9.77778
106,13,1,1,2,1,4,4,3,0.111111,0.111111,0,0.5602,0.16399,0,0,0,9.88889
106,14,1,1,1,2,1,2,1,0,0.222222,0,1.08952,0.195406,0,0,0,9.88889
106,15,1,1,1,2,1,1,2,0,0.111111,0,0.847172,0.670646,0,0,0,9.88889
106,16,1,1,1,1,2,1,2,0.222222,0.222222,0.111111,0.930382,0.197151,0,0,0,10.1111
106,17,1,5,2,1,4,4,3,0,0,0.444444,0.838415,0.0534223,0,0,0,10.1111
106,18,1,1,2,2,3,3,4,0.555556,0.111111,0.555556,0.690127,0.172777,0,0,0,10.6667
106,19,1,1,1,2,1,2,1,0.333333,0.111111,0.333333,0.687856,0.16502,0,0,0,11
106,20,1,5,1,1,2,2,1,0.222222,0.222222,0.666667,0.584487,0.21839,0,0,0,12.1111
106,21,1,1,1,2,1,1,2,0.555556,0.222222,0.555556,0.708877,0.212554,0,0,0,12.6667
106,22,1,5,2,2,3,3,4,0.333333,0.444444,0.333333,1.62642,0.190696,0,0,0,14.3333
106,23,1,5,1,2,1,2,1,0.555556,1,0.555556,1.01879,0.708004,0,0,0,17.1111
106,24,1,1,2,1,4,3,4,0.666667,0.666667,0.888889,0.847462,0.155822,0,0,0,17.7778
106,25,1,1,1,1,2,2,1,0.666667,0.666667,0.888889,0.668132,1.06649,0,0,0,18.4444
106,26,1,5,2,1,4,4,3,0.666667,0.666667,0.666667,0.558696,0.0165653,0,0,0,21.7778
106,27,1,1,1,1,2,2,1,0.555556,0.555556,0.666667,0.691417,0.397922,0,0,0,22.3333
106,28,1,5,2,1,4,4,3,0.555556,0.555556,0.666667,1.34223,0.212698,0,0,0,25.1111
106,29,1,1,1,1,2,1,2,0.222222,0.222222,0.888889,1.04074,0.286175,0,0,0,25.3333
106,30,1,1,2,2,3,3,4,0.777778,0.111111,0.777778,0.444974,0.203247,0,0,0,26.1111
106,31,1,5,2,2,3,4,3,0.777778,0.222222,0.777778,0.857696,0.16374,0,0,0,30
106,32,1,5,2,2,3,3,4,1,0.222222,1,1.03024,0.0726562,0,0,0,35
106,33,1,1,2,2,3,3,4,0.888889,0.222222,0.888889,0.555517,0.253089,0,0,0,35.8889
106,34,1,1,1,2,1,1,2,0.888889,0.111111,0.888889,0.687029,0.628336,0,0,0,36.7778
106,35,2,1,1,2,1,2,1,1,0.555556,1,1.06766,0.292696,0,0,0,37.7778
106,36,2,5,1,2,1,2,1,1,0.777778,1,1.26806,0.0731091,0,0,0,42.7778
106,37,2,5,2,2,3,4,3,0.777778,0.777778,0.777778,0.817333,0.160636,0,0,0,46.6667
106,38,2,1,2,2,3,3,4,0.333333,0.666667,0.333333,1.45307,0.183654,0,0,0,47
106,39,2,5,2,1,4,4,3,0.666667,0.666667,0.333333,1.15777,0.100187,0,0,0,50.3333
106,40,2,5,1,1,2,2,1,0.555556,0.555556,1,1.20814,0.0373443,0,0,0,53.1111
106,41,2,5,2,1,4,3,4,0.444444,0.444444,0.888889,1.13533,0.000889819,0,0,0,55.3333
106,42,2,1,2,2,3,3,4,0.777778,0.666667,0.777778,0.53796,0.179486,0,0,0,56.1111
106,43,2,1,1,2,1,1,2,0.888889,0.555556,0.888889,0.888408,0.000950136,0,0,0,57
106,44,2,1,1,2,1,2,1,0.777778,0.444444,0.777778,1.23925,0.206297,0,0,0,57.7778
106,45,2,5,2,2,3,4,3,0.666667,0.444444,0.666667,0.797954,0.182662,0,0,0,61.1111
106,46,2,5,1,2,1,1,2,1,0.666667,1,0.844035,0.138833,0,0,0,66.1111
106,47,2,5,2,1,4,3,4,0.777778,0.777778,0.666667,0.961954,0.10746,0,0,0,70
106,48,2,5,1,2,1,2,1,0.888889,0.444444,0.888889,0.826307,0.16655,0,0,0,74.4444
106,49,2,1,1,2,1,1,2,0.666667,0.111111,0.666667,0.703466,0.185749,0,0,0,75.1111
106,50,2,1,1,1,2,2,1,0,0,0.777778,0.655035,0.168585,0,0,0,75.1111
106,51,2,5,1,2,1,1,2,0.444444,0.444444,0.444444,0.750009,0.141505,0,0,0,77.3333
106,52,2,5,2,2,3,4,3,0.111111,0.333333,0.111111,1.39929,0.000947127,0,0,0,77.8889
106,53,2,5,1,1,2,2,1,0.333333,0.333333,0.333333,0.900683,0.194272,0,0,0,79.5556
106,54,2,5,2,1,4,4,3,0.444444,0.444444,0.111111,0.5796,0.191103,0,0,0,81.7778
106,55,2,5,2,1,4,3,4,0.555556,0.555556,0.222222,0.688758,0.156854,0,0,0,84.5556
106,56,2,5,1,1,2,1,2,0.444444,0.444444,0.333333,1.76329,0.584339,0,0,0,86.7778
106,57,2,1,1,1,2,2,1,0.333333,0.333333,0.555556,0.386496,0.139544,0,0,0,87.1111
106,58,2,5,1,2,1,1,2,0.555556,0.444444,0.555556,0.726192,0.0700995,0,0,0,89.8889
106,59,2,5,2,2,3,4,3,0.555556,0.222222,0.555556,0.733531,0.02777,0,0,0,92.6667
106,60,2,5,2,2,3,3,4,0.444444,0.111111,0.444444,0.731927,0.348879,0,0,0,94.8889
106,61,2,5,2,2,3,4,3,0.444444,0.333333,0.444444,1.24076,0.194432,0,0,0,97.1111
106,62,2,5,1,1,2,2,1,0.222222,0.222222,0.333333,1.1626,0.136468,0,0,0,98.2222
106,63,2,5,2,2,3,3,4,0.666667,0,0.666667,0.838703,0.157088,0,0,0,101.556
106,64,2,1,2,2,3,4,3,0.666667,0.222222,0.666667,0.588661,0.451257,0,0,0,102.222
106,65,2,1,1,2,1,2,1,0.888889,0.444444,0.888889,0.76808,0.0864433,0,0,0,103.111
106,66,2,5,2,2,3,3,4,1,0.111111,1,0.738822,0.00100919,0,0,0,108.111
106,67,2,1,2,2,3,3,4,0.777778,0.333333,0.777778,0.571815,0.234231,0,0,0,108.889
106,68,2,1,1,2,1,1,2,0.888889,0.222222,0.888889,1.95283,0.567638,0,0,0,109.778
106,69,2,5,1,2,1,2,1,0.777778,0.111111,0.777778,0.718961,0.100722,0,0,0,113.667
106,70,3,5,2,2,3,4,3,0.555556,0.111111,0.555556,0.897119,0.164692,0,0,0,116.444
106,71,3,1,1,1,2,2,1,0.111111,0.111111,0.333333,1.04699,0.1668,0,0,0,116.556
106,72,3,1,1,2,1,1,2,0.333333,0,0.333333,0.577246,0.149231,0,0,0,116.889
106,73,3,5,2,1,4,4,3,0.111111,0.111111,0.333333,0.571708,0.0141205,0,0,0,117.444
106,74,3,5,1,2,1,2,1,0.222222,0.222222,0.222222,0.862187,0.127259,0,0,0,118.556
106,75,3,1,1,2,1,1,2,0.333333,0,0.333333,0.806515,0.20156,0,0,0,118.889
106,76,3,5,1,2,1,2,1,0.222222,0.111111,0.222222,0.773846,0.0928941,0,0,0,120
106,77,3,1,1,1,2,1,2,0.222222,0.222222,0.333333,0.625633,0.256325,0,0,0,120.222
106,78,3,5,2,2,3,3,4,0.333333,0,0.333333,0.697391,0.096649,0,0,0,121.889
106,79,3,5,1,2,1,2,1,0.333333,0.666667,0.333333,0.848854,0.156209,0,0,0,123.556
106,80,3,5,1,2,1,2,1,0.666667,0.222222,0.666667,0.796229,0.171045,0,0,0,126.889
106,81,3,1,1,2,1,1,2,0.555556,0,0.555556,0.594902,0.131247,0,0,0,127.444
106,82,3,1,2,1,4,3,4,0.111111,0.111111,0.888889,0.423915,0.000925409,0,0,0,127.556
106,83,3,1,1,2,1,1,2,0.777778,0.555556,0.777778,0.515976,0.00745893,0,0,0,128.333
106,84,3,1,2,2,3,4,3,0.666667,0.555556,0.666667,0.958412,0.280437,0,0,0,129
106,85,3,5,2,2,3,4,3,0.777778,0.555556,0.777778,0.762027,0.187663,0,0,0,132.889
106,86,3,1,2,2,3,4,3,0.444444,0.777778,0.444444,0.467839,0.157387,0,0,0,133.333
106,87,3,1,1,1,2,1,2,0.777778,0.777778,0.555556,0.8536,0.191229,0,0,0,134.111
106,88,3,5,2,1,4,3,4,0.777778,0.777778,0.555556,1.0954,0.0168768,0,0,0,138
106,89,3,1,1,1,2,1,2,0.888889,0.888889,0.777778,0.876597,0.000938885,0,0,0,138.889
106,90,3,1,1,1,2,1,2,0.777778,0.777778,1,0.719323,0.183769,0,0,0,139.667
106,91,3,1,2,1,4,4,3,0.888889,0.888889,0.666667,0.592603,0.0524091,0,0,0,140.556
106,92,3,1,1,1,2,2,1,0.777778,0.777778,0.333333,0.749805,0.147512,0,0,0,141.333
106,93,3,5,2,1,4,3,4,1,1,0.333333,0.623989,0.0589082,0,0,0,146.333
106,94,3,1,1,1,2,2,1,0.555556,0.555556,1,0.720691,0.0170811,0,0,0,146.889
106,95,3,5,1,2,1,1,2,0.777778,0.777778,0.777778,0.898596,0.052373,0,0,0,150.778
106,96,3,5,1,2,1,1,2,0.777778,0.666667,0.777778,0.658444,0.180737,0,0,0,154.667
106,97,3,5,1,2,1,1,2,0.777778,0.666667,0.777778,0.454234,0.176705,0,0,0,158.556
106,98,3,1,2,2,3,3,4,0.888889,0.888889,0.888889,0.704657,0.0860242,0,0,0,159.444
106,99,3,5,2,2,3,4,3,0.777778,0.666667,0.777778,0.640081,0.608846,0,0,0,163.333
106,100,3,1,1,2,1,1,2,0.666667,0.444444,0.666667,0.477392,0.000967494,0,0,0,164
106,101,3,5,2,2,3,3,4,0.888889,0.555556,0.888889,0.760728,0.000981943,0,0,0,168.444
106,102,3,1,1,2,1,1,2,0.888889,0.666667,0.888889,0.881398,0.155274,0,0,0,169.333
106,103,3,5,1,2,1,2,1,0.777778,0.555556,0.777778,0.80125,0.0132589,0,0,0,173.222
106,104,3,1,2,2,3,3,4,0.555556,0.222222,0.555556,1.47718,0.707571,0,0,0,173.778
106,105,4,1,1,2,1,2,1,0.555556,0.666667,0.555556,1.35026,0.0538032,0,0,0,174.333
106,106,4,5,1,2,1,2,1,0.222222,0.111111,0.222222,0.676123,0.000923662,0,0,0,175.444
106,107,4,5,2,1,4,3,4,0.111111,0.111111,0,0.657032,0.00135303,0,0,0,176
106,108,4,1,2,2,3,3,4,0.222222,0.222222,0.222222,0.673724,0.000833381,0,0,0,176.222
106,109,4,1,1,2,1,1,2,0.333333,0.444444,0.333333,0.722576,0.0151747,0,0,0,176.556
106,110,4,1,2,2,3,3,4,0.333333,0.666667,0.333333,1.0031,0.115938,0,0,0,176.889
106,111,4,5,1,2,1,1,2,0.888889,0.666667,0.888889,0.33118,0.00496662,0,0,0,181.333
106,112,4,1,1,2,1,2,1,0.888889,0.444444,0.888889,0.71657,0.12025,0,0,0,182.222
106,113,4,5,2,2,3,3,4,0.666667,0.666667,0.666667,0.670831,0.274618,0,0,0,185.556
106,114,4,5,2,2,3,4,3,0.444444,0.333333,0.444444,0.622812,0.238411,0,0,0,187.778
106,115,4,5,2,2,3,3,4,0.333333,0.111111,0.333333,0.555961,0.0566547,0,0,0,189.444
106,116,4,1,2,1,4,3,4,0.444444,0.444444,0.222222,0.400298,0.000926764,0,0,0,189.889
106,117,4,1,2,1,4,4,3,0.333333,0.333333,0,0.451404,0.000806907,0,0,0,190.222
106,118,4,1,2,2,3,3,4,0.222222,0.333333,0.222222,0.354256,0.0221068,0,0,0,190.444
106,119,4,5,2,2,3,4,3,0.111111,0.111111,0.111111,0.743673,0.213308,0,0,0,191
106,120,4,5,1,1,2,2,1,0,0,0.111111,0.984703,0.140851,0,0,0,191
106,121,4,5,1,2,1,2,1,0.111111,0.111111,0.111111,0.710526,0.104425,0,0,0,191.556
106,122,4,1,1,1,2,2,1,0.111111,0.111111,0.555556,0.408136,0.0819438,0,0,0,191.667
106,123,4,1,1,2,1,1,2,0.222222,0.333333,0.222222,0.627953,0.224231,0,0,0,191.889
106,124,4,1,2,2,3,4,3,0.222222,0.666667,0.222222,0.653959,0.0625475,0,0,0,192.111
106,125,4,1,2,1,4,4,3,0.666667,0.666667,0.444444,0.294444,0.0690867,0,0,0,192.778
106,126,4,1,2,1,4,4,3,0.555556,0.555556,0.333333,0.333136,0.0106839,0,0,0,193.333
106,127,4,1,1,1,2,1,2,0.777778,0.777778,0.333333,0.674539,0.194005,0,0,0,194.111
106,128,4,1,2,1,4,3,4,0.666667,0.666667,0.333333,0.456806,0.136529,0,0,0,194.778
106,129,4,1,1,1,2,2,1,0.888889,0.888889,0,0.510612,0.000628569,0,0,0,195.667
106,130,4,1,1,2,1,2,1,0.111111,0.777778,0.111111,0.635497,0.00632138,0,0,0,195.778
106,131,4,5,1,1,2,1,2,0.222222,0.222222,0.444444,0.753398,0.0339179,0,0,0,196.889
106,132,4,5,1,2,1,1,2,0.555556,0.111111,0.555556,0.642731,0.0462254,0,0,0,199.667
106,133,4,5,1,2,1,1,2,0.777778,0.111111,0.777778,0.469792,0.411902,0,0,0,203.556
106,134,4,5,1,2,1,2,1,0.777778,0.111111,0.777778,0.636291,0.174564,0,0,0,207.444
106,135,4,5,2,2,3,3,4,0.555556,0.222222,0.555556,0.678515,0.142094,0,0,0,210.222
106,136,4,5,1,1,2,1,2,0.222222,0.222222,0.444444,0.843306,0.268119,0,0,0,211.333
106,137,4,1,1,2,1,2,1,0.333333,0.111111,0.333333,0.676568,0.258375,0,0,0,211.667
106,138,4,5,2,1,4,4,3,0.111111,0.111111,0.444444,0.509399,0.111349,0,0,0,212.222
106,139,4,5,2,2,3,3,4,0.111111,0.333333,0.111111,0.790859,0.000935491,0,0,0,212.778
125,0,1,5,1,1,2,2,1,0.555556,0.555556,0.333333,0.655893,0.636806,0,0,0,2.77778
125,1,1,1,1,1,2,2,1,0.666667,0.666667,0.333333,0.362606,0.468455,0,0,0,3.44444
125,2,1,1,2,1,4,4,3,0.777778,0.777778,0.666667,0.512534,0.325995,0,0,0,4.22222
125,3,1,1,1,1,2,1,2,0.555556,0.555556,0.555556,0.779657,0.374991,0,0,0,4.77778
125,4,1,5,1,1,2,2,1,0.777778,0.777778,0.666667,0.402502,0.300822,0,0,0,8.66667
125,5,1,1,2,1,4,4,3,0.666667,0.666667,0.555556,0.353891,0.366417,0,0,0,9.33333
125,6,1,1,2,1,4,3,4,0.444444,0.444444,0.555556,0.717065,0.703495,0,0,0,9.77778
125,7,1,5,2,1,4,4,3,0.333333,0.333333,0.444444,0.638063,0.48191,0,0,0,11.4444
125,8,1,5,1,2,1,2,1,0.111111,0.444444,0.111111,1.0006,0.445219,0,0,0,12
125,9,1,1,2,1,4,3,4,0.222222,0.222222,0,1.20682,0.686647,0,0,0,12.2222
125,10,1,1,1,2,1,1,2,0.111111,0.333333,0.111111,0.652985,0.314408,0,0,0,12.3333
125,11,1,1,2,2,3,4,3,0.111111,0.444444,0.111111,0.685405,0.294462,0,0,0,12.4444
125,12,1,5,2,2,3,3,4,0,0.666667,0,1.3442,0.360741,0,0,0,12.4444
125,13,1,5,1,1,2,1,2,0.666667,0.666667,0.222222,0.542475,0.335032,0,0,0,15.7778
125,14,1,5,2,1,4,3,4,0.555556,0.555556,0.333333,0.663652,0.407226,0,0,0,18.5556
125,15,1,1,1,1,2,1,2,0.444444,0.444444,0.555556,0.508195,0.412716,0,0,0,19
125,16,1,5,2,1,4,3,4,0.666667,0.666667,0.777778,0.640056,0.479543,0,0,0,22.3333
125,17,1,5,2,1,4,4,3,0.777778,0.777778,0.333333,0.492571,0.337332,0,0,0,26.2222
125,18,1,5,1,1,2,1,2,0.888889,0.888889,0.666667,0.487271,0.388262,0,0,0,30.6667
125,19,1,1,2,1,4,3,4,0.666667,0.666667,0.333333,0.963414,0.629747,0,0,0,31.3333
125,20,1,1,1,1,2,2,1,0.666667,0.666667,0.333333,0.608913,0.335724,0,0,0,32
125,21,1,1,1,1,2,1,2,0.444444,0.444444,0.444444,0.609993,0.336453,0,0,0,32.4444
125,22,1,5,2,1,4,3,4,0.444444,0.444444,0.111111,0.383972,0.305175,0,0,0,34.6667
125,23,1,5,1,1,2,2,1,0.333333,0.333333,0,0.504899,0.264206,0,0,0,36.3333
125,24,1,5,2,1,4,3,4,0.333333,0.333333,0.111111,0.393066,0.279314,0,0,0,38
125,25,1,5,1,1,2,1,2,0.222222,0.222222,0.111111,0.593963,0.304409,0,0,0,39.1111
125,26,1,1,2,2,3,3,4,0.222222,0.333333,0.222222,0.77089,0.510236,0,0,0,39.3333
125,27,1,5,2,2,3,4,3,0.444444,0.333333,0.444444,0.717523,0.301214,0,0,0,41.5556
125,28,1,1,2,2,3,3,4,0,0.333333,0,0.367683,0.458907,0,0,0,41.5556
125,29,1,1,1,2,1,2,1,0.222222,0.555556,0.222222,0.710778,0.319963,0,0,0,41.7778
125,30,1,1,1,1,2,1,2,0.555556,0.555556,0.555556,0.698855,0.328242,0,0,0,42.3333
125,31,1,5,1,1,2,1,2,0.444444,0.444444,0.333333,0.518545,0.255356,0,0,0,44.5556
125,32,1,5,2,1,4,4,3,0.555556,0.555556,0.111111,0.677891,0.317594,0,0,0,47.3333
125,33,1,1,2,1,4,4,3,0.222222,0.222222,0.222222,0.634104,0.368187,0,0,0,47.5556
125,34,1,1,2,2,3,3,4,0.333333,0.222222,0.333333,0.542902,0.322047,0,0,0,47.8889
125,35,2,5,1,1,2,2,1,0.111111,0.111111,0.222222,0.85483,0.612875,0,0,0,48.4444
125,36,2,5,2,1,4,4,3,0.222222,0.222222,0.444444,0.868704,0.564426,0,0,0,49.5556
125,37,2,1,2,2,3,3,4,0.555556,0,0.555556,0.726281,0.418757,0,0,0,50.1111
125,38,2,5,2,2,3,4,3,0.777778,0.222222,0.777778,0.610654,0.519512,0,0,0,54
125,39,2,5,2,2,3,3,4,0.555556,0.222222,0.555556,0.616893,0.373268,0,0,0,56.7778
125,40,2,1,2,2,3,4,3,0.444444,0,0.444444,0.63924,0.475881,0,0,0,57.2222
125,41,2,1,2,2,3,4,3,0.555556,0.111111,0.555556,0.56206,0.208872,0,0,0,57.7778
125,42,2,5,2,2,3,4,3,0.777778,0,0.777778,0.406338,0.244669,0,0,0,61.6667
125,43,2,1,1,2,1,2,1,1,0.111111,1,0.750428,0.827749,0,0,0,62.6667
125,44,2,1,2,2,3,3,4,0.888889,0.111111,0.888889,0.604599,0.345697,0,0,0,63.5556
125,45,2,1,2,2,3,3,4,0.666667,0.111111,0.666667,0.734038,0.462174,0,0,0,64.2222
125,46,2,1,1,2,1,1,2,0.444444,0.222222,0.444444,0.709492,0.389617,0,0,0,64.6667
125,47,2,1,1,2,1,1,2,0.444444,0.111111,0.444444,0.737509,0.602742,0,0,0,65.1111
125,48,2,5,2,2,3,4,3,0.555556,0.111111,0.555556,0.537594,0.41392,0,0,0,67.8889
125,49,2,5,1,2,1,1,2,0.444444,0.111111,0.444444,0.63654,0.292411,0,0,0,70.1111
125,50,2,1,1,2,1,1,2,0.444444,0.222222,0.444444,0.438319,0.395094,0,0,0,70.5556
125,51,2,5,2,2,3,4,3,0.333333,0.222222,0.333333,0.605229,0.299188,0,0,0,72.2222
125,52,2,5,1,2,1,1,2,0.222222,0.444444,0.222222,0.662847,0.357661,0,0,0,73.3333
125,53,2,5,2,1,4,4,3,0.444444,0.444444,0.222222,0.823289,0.333333,0,0,0,75.5556
125,54,2,1,2,1,4,3,4,0.555556,0.555556,0.222222,0.537505,0.388756,0,0,0,76.1111
125,55,2,1,2,1,4,4,3,0.555556,0.555556,0.111111,0.821249,1.05423,0,0,0,76.6667
125,56,2,5,1,1,2,1,2,0.444444,0.444444,0.222222,0.473073,0.431905,0,0,0,78.8889
125,57,2,1,2,1,4,4,3,0.444444,0.444444,0.111111,0.474458,0.543142,0,0,0,79.3333
125,58,2,1,2,1,4,3,4,0.666667,0.666667,0.222222,0.406,0.479144,0,0,0,80
125,59,2,5,2,1,4,3,4,0.555556,0.555556,0,0.635835,0.501769,0,0,0,82.7778
125,60,2,1,2,1,4,4,3,0.333333,0.333333,0,0.626832,0.424274,0,0,0,83.1111
125,61,2,5,1,1,2,1,2,0.222222,0.222222,0.222222,0.641072,0.401152,0,0,0,84.2222
125,62,2,1,2,2,3,4,3,0,0.111111,0,0.842231,0.270412,0,0,0,84.2222
125,63,2,1,2,2,3,3,4,0.333333,0.111111,0.333333,0.649312,0.335324,0,0,0,84.5556
125,64,2,5,1,2,1,1,2,0.222222,0,0.222222,0.59944,0.401245,0,0,0,85.6667
125,65,2,1,1,1,2,2,1,0.111111,0.111111,0.111111,0.638119,0.336076,0,0,0,85.7778
125,66,2,5,1,2,1,1,2,0,0.111111,0,0.510743,0.329708,0,0,0,85.7778
125,67,2,1,1,2,1,2,1,0.111111,0.222222,0.111111,0.716891,0.33467,0,0,0,85.8889
125,68,2,5,1,1,2,2,1,0.222222,0.222222,0,0.465796,0.293692,0,0,0,87
125,69,2,5,2,1,4,4,3,0.111111,0.111111,0.111111,0.5956,0.359622,0,0,0,87.5556
125,70,3,1,2,1,4,3,4,0.222222,0.222222,0.444444,0.614768,0.578127,0,0,0,87.7778
125,71,3,5,1,2,1,1,2,0.111111,0,0.111111,0.426287,0.228005,0,0,0,88.3333
125,72,3,5,2,1,4,3,4,0.333333,0.333333,0.333333,0.613803,0.216323,0,0,0,90
125,73,3,1,2,1,4,3,4,0.222222,0.222222,0.444444,0.512652,0.25978,0,0,0,90.2222
125,74,3,1,1,1,2,1,2,0.444444,0.444444,0.444444,0.995378,0.34593,0,0,0,90.6667
125,75,3,1,1,1,2,1,2,0.222222,0.222222,0.666667,0.571277,0.874896,0,0,0,90.8889
125,76,3,5,1,1,2,2,1,0.444444,0.444444,0.777778,0.65235,0.321644,0,0,0,93.1111
125,77,3,1,2,1,4,3,4,0.222222,0.222222,0.888889,0.522765,0.547804,0,0,0,93.3333
125,78,3,5,2,1,4,3,4,0.555556,0.555556,0.666667,0.398038,0.50242,0,0,0,96.1111
125,79,3,1,2,1,4,3,4,0.444444,0.444444,0.666667,0.367335,0.322711,0,0,0,96.5556
125,80,3,5,2,1,4,4,3,0.111111,0.111111,0.444444,0.458311,0.325557,0,0,0,97.1111
125,81,3,5,1,2,1,1,2,0.222222,0.111111,0.222222,0.778198,0.212869,0,0,0,98.2222
125,82,3,1,1,2,1,2,1,0.333333,0.333333,0.333333,0.659198,0.27076,0,0,0,98.5556
125,83,3,5,1,2,1,2,1,0.111111,0.333333,0.111111,0.516874,0.22788,0,0,0,99.1111
125,84,3,1,1,2,1,2,1,0.111111,0.888889,0.111111,0.539735,0.39792,0,0,0,99.2222
125,85,3,5,2,1,4,3,4,0.555556,0.555556,0.222222,0.546376,0.255374,0,0,0,102
125,86,3,1,2,1,4,3,4,0.333333,0.333333,0.333333,0.470996,0.278017,0,0,0,102.333
125,87,3,5,1,2,1,1,2,0.444444,0.111111,0.444444,0.762989,0.381829,0,0,0,104.556
125,88,3,5,2,2,3,3,4,0.666667,0.444444,0.666667,0.846837,0.273943,0,0,0,107.889
125,89,3,5,1,2,1,2,1,0.333333,0.444444,0.333333,0.412663,0.311656,0,0,0,109.556
125,90,3,1,2,2,3,4,3,0.222222,0.555556,0.222222,0.730527,0.268291,0,0,0,109.778
125,91,3,1,2,1,4,3,4,0.666667,0.666667,0.444444,0.316876,0.325305,0,0,0,110.444
125,92,3,5,2,1,4,4,3,0.555556,0.555556,0.666667,0.634318,0.406958,0,0,0,113.222
125,93,3,5,2,1,4,4,3,0.444444,0.444444,0.666667,0.421795,0.376529,0,0,0,115.444
125,94,3,1,1,1,2,2,1,0.333333,0.333333,0.555556,0.431928,0.300285,0,0,0,115.778
125,95,3,1,2,1,4,4,3,0.666667,0.666667,0.777778,0.427208,0.235042,0,0,0,116.444
125,96,3,1,2,1,4,4,3,0.444444,0.444444,0.333333,0.414401,0.301172,0,0,0,116.889
125,97,3,5,1,1,2,2,1,0.111111,0.111111,0.333333,0.538489,0.25184,0,0,0,117.444
125,98,3,1,1,2,1,1,2,0.444444,0.111111,0.444444,0.594841,0.259,0,0,0,117.889
125,99,3,1,1,2,1,2,1,0.333333,0.333333,0.333333,0.549922,0.292215,0,0,0,118.222
125,100,3,1,1,2,1,2,1,0.222222,0.777778,0.222222,0.576692,0.28165,0,0,0,118.444
125,101,3,1,1,1,2,1,2,0.777778,0.777778,0.222222,0.725353,0.298802,0,0,0,119.222
125,102,3,1,1,1,2,2,1,0.777778,0.777778,0.333333,0.595949,0.823531,0,0,0,120
125,103,3,5,2,1,4,4,3,1,1,0.555556,0.448438,0.284249,0,0,0,125
125,104,3,5,1,1,2,1,2,0.777778,0.777778,0.333333,0.600093,0.2508,0,0,0,128.889
125,105,4,1,2,1,4,4,3,0.555556,0.555556,0.888889,0.482051,0.33273,0,0,0,129.444
125,106,4,1,1,1,2,2,1,0.666667,0.666667,0.777778,0.550939,0.358635,0,0,0,130.111
125,107,4,1,1,1,2,1,2,0.666667,0.666667,1,0.785789,0.260482,0,0,0,130.778
125,108,4,5,2,1,4,3,4,0.888889,0.888889,0.777778,0.48858,0.235936,0,0,0,135.222
125,109,4,1,1,1,2,1,2,1,1,1,0.450297,0.344733,0,0,0,136.222
125,110,4,5,2,1,4,3,4,0.888889,0.888889,0.777778,0.445503,0.195148,0,0,0,140.667
125,111,4,1,2,1,4,4,3,0.555556,0.555556,0.666667,0.679038,0.318754,0,0,0,141.222
125,112,4,1,1,1,2,2,1,0.333333,0.333333,0.444444,0.972219,0.421168,0,0,0,141.556
125,113,4,5,1,1,2,2,1,0.222222,0.222222,0.444444,0.607417,0.21779,0,0,0,142.667
125,114,4,1,2,2,3,3,4,0.666667,0.666667,0.666667,0.887544,0.205569,0,0,0,143.333
125,115,4,1,2,2,3,3,4,0.888889,0.555556,0.888889,0.815066,0.363215,0,0,0,144.222
125,116,4,1,2,2,3,3,4,0.777778,0.555556,0.777778,0.571893,0.322499,0,0,0,145
125,117,4,1,2,2,3,4,3,0.777778,0.111111,0.777778,0.939981,0.213827,0,0,0,145.778
125,118,4,1,2,2,3,4,3,0.666667,0.333333,0.666667,0.404227,0.233088,0,0,0,146.444
125,119,4,5,2,2,3,4,3,0.777778,0.222222,0.777778,0.495926,0.284494,0,0,0,150.333
125,120,4,5,1,2,1,1,2,0.777778,0.333333,0.777778,0.537927,0.453994,0,0,0,154.222
125,121,4,1,2,2,3,3,4,0.888889,0.111111,0.888889,0.606596,0.229147,0,0,0,155.111
125,122,4,5,1,2,1,2,1,0.777778,0.111111,0.777778,0.387145,0.362429,0,0,0,159
125,123,4,5,1,2,1,1,2,0.666667,0,0.666667,0.619209,0.243076,0,0,0,162.333
125,124,4,1,1,2,1,1,2,0.888889,0.666667,0.888889,0.427235,0.217161,0,0,0,163.222
125,125,4,1,1,2,1,1,2,0.444444,0.555556,0.444444,0.643751,0.211306,0,0,0,163.667
125,126,4,1,2,2,3,4,3,0.555556,0.333333,0.555556,0.658439,0.323917,0,0,0,164.222
125,127,4,1,1,2,1,2,1,0.888889,0,0.888889,0.773674,0.258197,0,0,0,165.111
125,128,4,5,1,2,1,2,1,0.888889,0.111111,0.888889,0.542086,0.215041,0,0,0,169.556
125,129,4,1,2,2,3,4,3,0.888889,0.111111,0.888889,0.653413,0.332802,0,0,0,170.444
125,130,4,5,1,2,1,2,1,0.777778,0.333333,0.777778,0.551865,0.284197,0,0,0,174.333
125,131,4,1,1,2,1,1,2,0.888889,0.111111,0.888889,0.416373,0.198213,0,0,0,175.222
125,132,4,5,1,2,1,2,1,0.777778,0.111111,0.777778,0.389344,0.388061,0,0,0,179.111
125,133,4,5,2,2,3,4,3,0.888889,0.111111,0.888889,0.717163,0.244129,0,0,0,183.556
125,134,4,5,2,2,3,3,4,0.555556,0.111111,0.555556,0.467911,0.365387,0,0,0,186.333
125,135,4,1,1,2,1,1,2,0.555556,0.222222,0.555556,0.514399,0.286443,0,0,0,186.889
125,136,4,5,2,2,3,3,4,0.666667,0.111111,0.666667,0.722008,0.276055,0,0,0,190.222
125,137,4,5,1,2,1,1,2,0.222222,0.111111,0.222222,0.544993,0.195266,0,0,0,191.333
125,138,4,1,2,1,4,4,3,0.222222,0.222222,0.333333,0.61681,0.230105,0,0,0,191.556
125,139,4,5,2,2,3,4,3,0.333333,0.111111,0.333333,0.619055,0.223801,0,0,0,193.222
109,0,1,1,1,2,1,2,1,1,0.333333,1,0.61272,0.272106,0,0,0,1
109,1,1,1,1,2,1,1,2,0.777778,0.222222,0.777778,1.16719,0.270268,0,0,0,1.77778
109,2,1,1,1,2,1,2,1,0.555556,0.444444,0.555556,1.39188,0.326851,0,0,0,2.33333
109,3,1,1,1,2,1,1,2,0,0.555556,0.888889,0.786116,-1,0,1,1,2.33333
109,4,1,5,2,1,4,3,4,0.555556,0.555556,1,1.38533,0.289283,0,0,0,5.11111
109,5,1,5,2,1,4,4,3,0.333333,0.333333,1,0.988744,0.625272,0,0,0,6.77778
109,6,1,1,2,2,3,4,3,0.777778,0.222222,0.777778,1.05036,0.299069,0,0,0,7.55556
109,7,1,1,2,2,3,3,4,0.666667,0.777778,0.666667,0.778994,0.446527,0,0,0,8.22222
109,8,1,1,1,2,1,1,2,0.333333,0.444444,0.333333,0.674124,0.289817,0,0,0,8.55556
109,9,1,5,2,1,4,4,3,0.444444,0.444444,0.333333,1.33103,0.480705,0,0,0,10.7778
109,10,1,5,1,2,1,1,2,0.555556,0.555556,0.555556,0.953532,0.477924,0,0,0,13.5556
109,11,1,1,2,1,4,3,4,0.444444,0.444444,0.333333,0.739675,0.500377,0,0,0,14
109,12,1,5,2,1,4,4,3,0.222222,0.222222,0.222222,1.07476,0.505714,0,0,0,15.1111
109,13,1,1,1,2,1,2,1,0.777778,0.222222,0.777778,0.46061,0.336132,0,0,0,15.8889
109,14,1,5,1,2,1,1,2,0.777778,0.333333,0.777778,0.897002,0.00092262,0,0,0,19.7778
109,15,1,1,1,2,1,1,2,0.888889,0.333333,0.888889,1.06567,0.348721,0,0,0,20.6667
109,16,1,5,1,2,1,1,2,0.444444,0.666667,0.444444,0.707884,0.200339,0,0,0,22.8889
109,17,1,5,2,2,3,4,3,0.444444,0.444444,0.444444,0.720654,0.598531,0,0,0,25.1111
109,18,1,5,2,1,4,4,3,0.333333,0.333333,0.777778,0.624597,0.483352,0,0,0,26.7778
109,19,1,1,2,2,3,3,4,0.666667,0.222222,0.666667,1.12461,0.281467,0,0,0,27.4444
109,20,1,5,1,2,1,1,2,0.444444,0.111111,0.444444,0.643613,0.296738,0,0,0,29.6667
109,21,1,1,2,2,3,4,3,0.222222,0.222222,0.222222,0.688785,0.274865,0,0,0,29.8889
109,22,1,1,1,1,2,1,2,0.333333,0.333333,0.222222,1.38808,0.444666,0,0,0,30.2222
109,23,1,5,2,1,4,4,3,0.333333,0.333333,0.444444,0.681437,0.231573,0,0,0,31.8889
109,24,1,5,1,2,1,1,2,0,0.222222,0,0.619429,0.406354,0,0,0,31.8889
109,25,1,1,1,1,2,1,2,0,0,0.222222,0.563491,0.329529,0,0,0,31.8889
109,26,1,5,2,2,3,3,4,0,0,0,0.954816,0.27268,0,0,0,31.8889
109,27,1,1,2,1,4,3,4,0,0,0.222222,0.851745,0.210953,0,0,0,31.8889
109,28,1,1,2,2,3,3,4,0.111111,0,0.111111,0.54021,0.391159,0,0,0,32
109,29,1,5,1,2,1,2,1,0.222222,0.222222,0.222222,1.45247,0.265336,0,0,0,33.1111
109,30,1,5,1,2,1,1,2,0.333333,0.888889,0.333333,0.71227,0.393129,0,0,0,34.7778
109,31,1,1,2,2,3,3,4,0.666667,0.777778,0.666667,1.02332,0.249914,0,0,0,35.4444
109,32,1,5,2,1,4,3,4,0.888889,0.888889,1,0.928219,0.421009,0,0,0,39.8889
109,33,1,5,1,1,2,2,1,0.888889,0.888889,0.888889,0.590637,0.343288,0,0,0,44.3333
109,34,1,5,1,1,2,2,1,0.888889,0.888889,0.888889,0.712346,0.452074,0,0,0,48.7778
109,35,2,5,2,2,3,3,4,0.666667,0.666667,0.666667,0.952253,0.477058,0,0,0,52.1111
109,36,2,1,1,1,2,2,1,0.777778,0.777778,0.555556,0.8706,0.108808,0,0,0,52.8889
109,37,2,5,1,1,2,2,1,0.888889,0.888889,0.333333,0.425793,0.589863,0,0,0,57.3333
109,38,2,5,2,1,4,4,3,0.777778,0.777778,0.333333,0.96273,0.364264,0,0,0,61.2222
109,39,2,5,2,1,4,4,3,1,1,0.222222,0.728337,0.214773,0,0,0,66.2222
109,40,2,5,2,1,4,3,4,0,0.888889,0,1.14669,-1,0,1,1,66.2222
109,41,2,5,2,1,4,4,3,1,1,0.444444,0.8544,0.653375,0,0,0,71.2222
109,42,2,5,1,2,1,2,1,0.222222,1,0.222222,0.708564,0.310199,0,0,0,72.3333
109,43,2,1,1,1,2,1,2,0.888889,0.888889,0.666667,0.999642,0.269958,0,0,0,73.2222
109,44,2,5,2,1,4,4,3,0.888889,0.888889,0.777778,0.903269,0.283873,0,0,0,77.6667
109,45,2,1,1,1,2,2,1,0.777778,0.777778,0.888889,0.843694,0.539984,0,0,0,78.4444
109,46,2,1,1,1,2,1,2,0.666667,0.666667,0.777778,1.37627,0.204051,0,0,0,79.1111
109,47,2,5,1,1,2,1,2,0.555556,0.555556,0.888889,0.704536,0.253731,0,0,0,81.8889
109,48,2,1,1,2,1,2,1,0.666667,0.666667,0.666667,1.01952,0.279869,0,0,0,82.5556
109,49,2,1,1,2,1,2,1,0.444444,0.222222,0.444444,0.359874,0.375919,0,0,0,83
109,50,2,1,1,1,2,2,1,0.333333,0.333333,0.333333,0.590628,0.396359,0,0,0,83.3333
109,51,2,5,1,2,1,2,1,0.222222,0.555556,0.222222,0.855704,0.555845,0,0,0,84.4444
109,52,2,5,1,2,1,2,1,0.444444,0.444444,0.444444,0.69283,1.09168,0,0,0,86.6667
109,53,2,1,1,2,1,1,2,0.555556,0.444444,0.555556,1.01013,0.187585,0,0,0,87.2222
109,54,2,1,2,2,3,4,3,0.111111,0.222222,0.111111,0.560713,0.317309,0,0,0,87.3333
109,55,2,5,1,1,2,2,1,0.333333,0.333333,0.222222,0.657495,0.330221,0,0,0,89
109,56,2,5,2,2,3,4,3,0.333333,0.222222,0.333333,0.812986,0.279594,0,0,0,90.6667
109,57,2,1,1,1,2,2,1,0.444444,0.444444,0.111111,0.505593,0.358877,0,0,0,91.1111
109,58,2,5,1,1,2,1,2,0.333333,0.333333,0.222222,0.716177,0.812483,0,0,0,92.7778
109,59,2,1,2,1,4,4,3,0.666667,0.666667,0.222222,0.52893,0.205048,0,0,0,93.4444
109,60,2,5,1,1,2,1,2,0.777778,0.777778,0.222222,0.62879,0.328118,0,0,0,97.3333
109,61,2,5,1,1,2,1,2,0.777778,0.777778,0.333333,0.685579,1.27845,0,0,0,101.222
109,62,2,1,2,1,4,3,4,0.666667,0.666667,0.222222,0.805706,0.421779,0,0,0,101.889
109,63,2,1,1,2,1,1,2,0,0.444444,0,0.627267,0.195216,0,0,0,101.889
109,64,2,5,2,1,4,4,3,0.555556,0.555556,0.222222,1.01345,0.323842,0,0,0,104.667
109,65,2,1,2,1,4,4,3,0.333333,0.333333,0,0.708915,0.376026,0,0,0,105
109,66,2,1,2,1,4,4,3,0.444444,0.444444,0.333333,1.01897,0.00091082,0,0,0,105.444
109,67,2,1,2,2,3,3,4,0.333333,0.555556,0.333333,1.15688,0.326516,0,0,0,105.778
109,68,2,5,2,1,4,3,4,0.333333,0.333333,0.222222,0.881694,0.467555,0,0,0,107.444
109,69,2,1,2,2,3,3,4,0.555556,0.444444,0.555556,0.943043,0.000964474,0,0,0,108
109,70,3,5,2,2,3,4,3,0.777778,0.666667,0.777778,1.02972,0.265501,0,0,0,111.889
109,71,3,5,1,2,1,1,2,0.444444,0.555556,0.444444,1.21073,0.00918192,0,0,0,114.111
109,72,3,1,2,1,4,4,3,0.333333,0.333333,0.444444,0.832912,0.397472,0,0,0,114.444
109,73,3,1,1,1,2,2,1,0,0,0.555556,0.646951,0.329123,0,0,0,114.444
109,74,3,5,1,2,1,1,2,0.555556,0.111111,0.555556,0.867047,0.336316,0,0,0,117.222
109,75,3,5,2,2,3,4,3,0.666667,0.333333,0.666667,1.25803,0.397036,0,0,0,120.556
109,76,3,5,2,2,3,4,3,0.333333,0.444444,0.333333,1.2912,0.227941,0,0,0,122.222
109,77,3,1,1,1,2,2,1,0.666667,0.666667,0.444444,1.12733,0.211838,0,0,0,122.889
109,78,3,1,1,2,1,1,2,0.444444,0.777778,0.444444,0.903344,0.000783395,0,0,0,123.333
109,79,3,5,2,1,4,3,4,0.888889,0.888889,0.111111,0.45779,0.313177,0,0,0,127.778
109,80,3,5,1,1,2,1,2,1,1,0.111111,0.783022,0.264805,0,0,0,132.778
109,81,3,1,1,2,1,1,2,0.111111,0.888889,0.111111,0.536502,0.546038,0,0,0,132.889
109,82,3,5,1,1,2,2,1,0.888889,0.888889,0.111111,1.01369,0.278345,0,0,0,137.333
109,83,3,5,1,1,2,2,1,1,1,0.222222,0.729273,0.287558,0,0,0,142.333
109,84,3,5,2,1,4,4,3,1,1,0.111111,0.865011,0.0848967,0,0,0,147.333
109,85,3,1,2,1,4,3,4,0.888889,0.888889,0.222222,1.67124,0.297132,0,0,0,148.222
109,86,3,1,1,1,2,1,2,0.777778,0.777778,0.111111,1.00825,0.53742,0,0,0,149
109,87,3,5,2,0,-1,3,4,0,0.777778,0.111111,-1,-1,1,0,1,149
109,88,3,5,2,1,4,3,4,0.444444,0.444444,0.222222,0.388115,0.595759,0,0,0,151.222
109,89,3,5,2,2,3,3,4,0.222222,0.444444,0.222222,0.778466,0.205256,0,0,0,152.333
109,90,3,5,1,1,2,1,2,0.444444,0.444444,0.666667,0.648243,0.487665,0,0,0,154.556
109,91,3,5,1,2,1,1,2,0.555556,0.777778,0.555556,0.538706,0.410135,0,0,0,157.333
109,92,3,5,2,2,3,3,4,0.444444,0.111111,0.444444,0.680652,0.000753334,0,0,0,159.556
109,93,3,5,2,2,3,4,3,0.111111,0.222222,0.111111,1.04101,0.320534,0,0,0,160.111
109,94,3,5,1,1,2,1,2,0.333333,0.333333,0.111111,0.828494,0.518557,0,0,0,161.778
109,95,3,1,2,2,3,3,4,0.222222,0.555556,0.222222,1.26775,0.530708,0,0,0,162
109,96,3,5,2,1,4,3,4,0.444444,0.444444,0.111111,0.742705,0.0015914,0,0,0,164.222
109,97,3,1,1,2,1,1,2,0,0.555556,0,0.502464,0.000915669,0,0,0,164.222
109,98,3,1,1,2,1,2,1,0,0.111111,0,0.481374,-1,0,1,1,164.222
109,99,3,5,2,1,4,4,3,0.333333,0.333333,0.111111,0.71942,0.32988,0,0,0,165.889
109,100,3,5,2,2,3,3,4,0.111111,0.888889,0.111111,0.873359,0.380487,0,0,0,166.444
109,101,3,1,1,1,2,1,2,1,1,0.222222,0.512743,0.617399,0,0,0,167.444
109,102,3,1,1,1,2,2,1,1,1,0.111111,0.450853,0.622221,0,0,0,168.444
109,103,3,5,1,1,2,1,2,0.777778,0.777778,0,0.492175,0.682016,0,0,0,172.333
109,104,3,1,2,1,4,3,4,0.888889,0.888889,0.111111,0.75343,0.164709,0,0,0,173.222
109,105,4,5,2,1,4,4,3,0.888889,0.888889,0.111111,0.940014,0.223527,0,0,0,177.667
109,106,4,5,2,1,4,4,3,0.777778,0.777778,0.333333,0.399815,0.55322,0,0,0,181.556
109,107,4,5,2,2,3,3,4,0.222222,0.888889,0.222222,0.580238,0.857883,0,0,0,182.667
109,108,4,1,1,1,2,1,2,0.777778,0.777778,0.444444,0.499545,0.369476,0,0,0,183.444
109,109,4,1,1,1,2,2,1,0.555556,0.555556,0.555556,0.464874,0.345248,0,0,0,184
109,110,4,5,1,1,2,2,1,0.333333,0.333333,0.333333,0.508723,0.84415,0,0,0,185.667
109,111,4,5,2,2,3,3,4,0.222222,0.111111,0.222222,0.769743,0.451812,0,0,0,186.778
109,112,4,1,2,1,4,4,3,0.111111,0.111111,0.111111,0.548769,0.92714,0,0,0,186.889
109,113,4,1,1,2,1,1,2,0,0.333333,0,0.605926,0.412306,0,0,0,186.889
109,114,4,5,2,1,4,4,3,0.555556,0.555556,0.222222,1.25556,0.484863,0,0,0,189.667
109,115,4,5,1,1,2,1,2,0.555556,0.555556,0,0.6951,0.585168,0,0,0,192.444
109,116,4,1,1,1,2,2,1,0.222222,0.222222,0.222222,1.07243,0.648083,0,0,0,192.667
109,117,4,5,2,2,3,4,3,0.111111,0.444444,0.111111,0.784806,0.246592,0,0,0,193.222
109,118,4,5,1,1,2,1,2,0.111111,0.111111,0.333333,0.765209,0.331626,0,0,0,193.778
109,119,4,1,2,2,3,3,4,0.111111,0.222222,0.111111,0.578876,0.807071,0,0,0,193.889
109,120,4,1,2,1,4,3,4,0.333333,0.333333,0,0.726728,0.735664,0,0,0,194.222
109,121,4,1,1,1,2,1,2,0.444444,0.444444,0,0.630726,0.177206,0,0,0,194.667
109,122,4,1,2,1,4,4,3,0.111111,0.111111,0.222222,0.751154,0.30244,0,0,0,194.778
109,123,4,5,1,2,1,2,1,0.333333,0.333333,0.333333,0.708725,0.642228,0,0,0,196.444
109,124,4,5,1,2,1,1,2,0.222222,0.333333,0.222222,0.512014,0.156085,0,0,0,197.556
109,125,4,5,1,1,2,1,2,0.111111,0.111111,0,0.542796,0.353884,0,0,0,198.111
109,126,4,1,2,2,3,3,4,0.444444,0.222222,0.444444,0.89466,0.678508,0,0,0,198.556
109,127,4,5,1,2,1,2,1,0.777778,0,0.777778,0.416611,1.09841,0,0,0,202.444
109,128,4,1,2,1,4,4,3,0.555556,0.555556,0.666667,0.427398,0.000787109,0,0,0,203
109,129,4,1,1,2,1,1,2,0.666667,0.444444,0.666667,0.502407,0.21935,0,0,0,203.667
109,130,4,5,1,1,2,1,2,0.111111,0.111111,0.777778,0.828375,0.150685,0,0,0,204.222
109,131,4,5,1,2,1,1,2,0.888889,0.111111,0.888889,0.456869,0.345197,0,0,0,208.667
109,132,4,5,2,1,4,4,3,0.222222,0.222222,1,0.995976,0.191895,0,0,0,209.778
109,133,4,1,1,1,2,1,2,0.111111,0.111111,0.555556,0.711927,0.000952674,0,0,0,209.889
109,134,4,5,1,2,1,1,2,0.111111,0.222222,0.111111,0.455364,0.332251,0,0,0,210.444
109,135,4,5,1,1,2,2,1,0.222222,0.222222,0.111111,0.623445,0.566995,0,0,0,211.556
109,136,4,5,1,2,1,1,2,0,0.666667,0,0.490029,0.250756,0,0,0,211.556
109,137,4,5,2,1,4,3,4,0.555556,0.555556,0,0.720863,0.226384,0,0,0,214.333
109,138,4,1,2,1,4,4,3,0.777778,0.777778,0.333333,1.0615,0.171719,0,0,0,215.111
109,139,4,1,2,1,4,4,3,1,1,0.111111,0.598175,0.246947,0,0,0,216.111
102,0,1,5,2,1,4,3,4,0.555556,0.555556,0.444444,0.81006,1.4886,0,0,0,2.77778
102,1,1,1,1,1,2,2,1,0.666667,0.666667,0.333333,0.96959,0.215058,0,0,0,3.44444
102,2,1,1,2,1,4,4,3,0.555556,0.555556,0.222222,0.58377,0.325995,0,0,0,4
102,3,1,5,1,1,2,1,2,0,0.555556,0.333333,1.40315,-1,0,1,1,4
102,4,1,1,1,2,1,2,1,0.444444,0.555556,0.444444,1.19281,0.354722,0,0,0,4.44444
102,5,1,1,1,2,1,2,1,0.555556,0.888889,0.555556,1.93349,0.525505,0,0,0,5
102,6,1,1,2,2,3,3,4,0.444444,0.777778,0.444444,1.39042,0.251859,0,0,0,5.44444
102,7,1,1,1,1,2,1,2,0.777778,0.777778,0.888889,1.41985,0.413722,0,0,0,6.22222
102,8,1,5,1,1,2,1,2,0.666667,0.666667,0.888889,0.863692,0.201812,0,0,0,9.55556
102,9,1,1,1,1,2,2,1,0.888889,0.888889,1,0.920363,0.374234,0,0,0,10.4444
102,10,1,5,2,1,4,4,3,1,1,1,0.79818,0.356735,0,0,0,15.4444
102,11,1,1,1,1,2,2,1,0.888889,0.888889,0.888889,0.526456,0.494029,0,0,0,16.3333
102,12,1,5,2,1,4,3,4,0.888889,0.888889,0.888889,0.51397,0.282645,0,0,0,20.7778
102,13,1,5,2,1,4,4,3,1,1,0.777778,0.483203,0.593909,0,0,0,25.7778
102,14,1,5,1,1,2,2,1,1,1,0.888889,0.678144,0.199162,0,0,0,30.7778
102,15,1,5,2,1,4,4,3,0.888889,0.888889,0.777778,0.454371,0.177709,0,0,0,35.2222
102,16,1,5,2,1,4,3,4,0.777778,0.777778,0.888889,0.721784,0.424353,0,0,0,39.1111
102,17,1,1,2,1,4,3,4,0.666667,0.666667,0.666667,1.01929,0.169915,0,0,0,39.7778
102,18,1,5,1,2,1,1,2,0.666667,1,0.666667,0.995484,0.369059,0,0,0,43.1111
102,19,1,1,1,2,1,1,2,0.888889,0.777778,0.888889,0.890935,0.545483,0,0,0,44
102,20,1,5,1,2,1,1,2,0.888889,0.666667,0.888889,0.559399,0.000686145,0,0,0,48.4444
102,21,1,5,2,2,3,3,4,1,0.888889,1,1.29985,0.419699,0,0,0,53.4444
102,22,1,5,1,2,1,2,1,0.777778,0.888889,0.777778,0.717554,0.271349,0,0,0,57.3333
102,23,1,1,2,2,3,3,4,0.777778,0.888889,0.777778,0.655103,0.199582,0,0,0,58.1111
102,24,1,5,2,2,3,4,3,0.777778,0.555556,0.777778,0.720363,0.389338,0,0,0,62
102,25,1,1,2,2,3,4,3,0.888889,0.666667,0.888889,0.798979,0.26182,0,0,0,62.8889
102,26,1,5,1,2,1,2,1,0.666667,0.777778,0.666667,1.06195,0.25884,0,0,0,66.2222
102,27,1,1,2,1,4,3,4,0.555556,0.555556,0.333333,0.604158,0.259554,0,0,0,66.7778
102,28,1,1,1,1,2,2,1,0.888889,0.888889,0.222222,1.09789,0.744731,0,0,0,67.6667
102,29,1,1,2,1,4,4,3,1,1,0.333333,0.777997,0.496614,0,0,0,68.6667
102,30,1,5,1,1,2,1,2,0.888889,0.888889,0.333333,1.06894,0.248636,0,0,0,73.1111
102,31,1,1,2,1,4,4,3,1,1,0.666667,0.447392,0.433076,0,0,0,74.1111
102,32,1,1,1,1,2,2,1,0.888889,0.888889,0.888889,0.872787,0.215006,0,0,0,75
102,33,1,1,2,1,4,3,4,0.555556,0.555556,0.666667,0.768226,0.548604,0,0,0,75.5556
102,34,1,5,1,2,1,1,2,0.888889,0.444444,0.888889,0.616229,0.79963,0,0,0,80
102,35,2,1,1,1,2,2,1,0.777778,0.777778,0.888889,0.760013,0.571247,0,0,0,80.7778
102,36,2,5,2,1,4,4,3,0.444444,0.444444,0.666667,0.696598,0.234289,0,0,0,83
102,37,2,5,1,2,1,2,1,0.444444,0.111111,0.444444,0.587905,0.212828,0,0,0,85.2222
102,38,2,1,1,2,1,2,1,0.555556,0,0.555556,0.762313,0.394321,0,0,0,85.7778
102,39,2,1,2,2,3,3,4,0.555556,0,0.555556,0.828193,0.29244,0,0,0,86.3333
102,40,2,1,1,2,1,1,2,0.666667,0.111111,0.666667,1.05804,0.58157,0,0,0,87
102,41,2,5,2,2,3,3,4,0.555556,0.111111,0.555556,0.608207,0.180057,0,0,0,89.7778
102,42,2,5,1,1,2,2,1,0.444444,0.444444,0.555556,0.815268,0.448297,0,0,0,92
102,43,2,1,2,1,4,3,4,0.333333,0.333333,0.555556,0.522831,0.432875,0,0,0,92.3333
102,44,2,1,1,2,1,1,2,1,0.555556,1,0.52191,0.483024,0,0,0,93.3333
102,45,2,5,1,2,1,2,1,0.888889,0.333333,0.888889,0.770882,0.267924,0,0,0,97.7778
102,46,2,5,2,2,3,3,4,0.333333,0.222222,0.333333,0.64261,0.197644,0,0,0,99.4444
102,47,2,1,1,1,2,1,2,0,0,0.666667,0.82747,0.553393,0,0,0,99.4444
102,48,2,5,1,2,1,2,1,0.777778,0.222222,0.777778,0.946946,0.244763,0,0,0,103.333
102,49,2,5,2,1,4,3,4,0.333333,0.333333,0.888889,1.31559,0.934873,0,0,0,105
102,50,2,1,2,2,3,3,4,0.777778,0.666667,0.777778,0.63981,0.413117,0,0,0,105.778
102,51,2,1,2,2,3,4,3,1,0.666667,1,0.602143,0.302529,0,0,0,106.778
102,52,2,1,2,2,3,3,4,0.888889,0.777778,0.888889,0.852329,0.172979,0,0,0,107.667
102,53,2,1,2,2,3,3,4,0.666667,0.555556,0.666667,0.597844,0.381136,0,0,0,108.333
102,54,2,5,2,2,3,4,3,0.888889,0.666667,0.888889,0.586518,0.207959,0,0,0,112.778
102,55,2,1,1,2,1,1,2,1,0.555556,1,0.652005,0.321836,0,0,0,113.778
102,56,2,5,1,2,1,1,2,0.888889,0.333333,0.888889,0.624188,0.300076,0,0,0,118.222
102,57,2,5,2,2,3,3,4,0.888889,0.444444,0.888889,0.716299,0.32533,0,0,0,122.667
102,58,2,1,2,2,3,4,3,0.888889,0.555556,0.888889,0.567091,0.655484,0,0,0,123.556
102,59,2,1,2,2,3,4,3,0,0.222222,0.888889,0.914456,-1,0,1,1,123.556
102,60,2,5,2,1,4,3,4,0.222222,0.222222,0.777778,0.951381,0.50854,0,0,0,124.667
102,61,2,5,1,2,1,1,2,0.555556,0.666667,0.555556,0.685791,0.354248,0,0,0,127.444
102,62,2,1,2,2,3,4,3,0.555556,0.888889,0.555556,0.516957,0.351361,0,0,0,128
102,63,2,5,1,2,1,2,1,0.444444,0.888889,0.444444,0.713732,0.423923,0,0,0,130.222
102,64,2,1,2,1,4,3,4,0.888889,0.888889,0.444444,0.595052,0.277525,0,0,0,131.111
102,65,2,5,2,1,4,3,4,0.666667,0.666667,0.888889,0.531151,0.237074,0,0,0,134.444
102,66,2,5,1,1,2,1,2,0.666667,0.666667,0.888889,0.804884,0.672635,0,0,0,137.778
102,67,2,1,2,1,4,3,4,0.333333,0.333333,0.888889,0.932664,0.193673,0,0,0,138.111
102,68,2,1,2,1,4,3,4,0.555556,0.555556,0.777778,0.872702,0.513934,0,0,0,138.667
102,69,2,1,1,1,2,2,1,0.333333,0.333333,0.333333,0.768594,0.266443,0,0,0,139
102,70,3,5,1,2,1,2,1,0.222222,0,0.222222,0.71099,0.796338,0,0,0,140.111
102,71,3,1,2,1,4,3,4,0.111111,0.111111,0,0.627179,0.354857,0,0,0,140.222
102,72,3,1,1,2,1,2,1,0.555556,0.333333,0.555556,0.699794,0.522827,0,0,0,140.778
102,73,3,1,1,2,1,2,1,0.777778,0,0.777778,0.577375,0.199252,0,0,0,141.556
102,74,3,1,1,2,1,1,2,0.777778,0.333333,0.777778,0.585665,0.330292,0,0,0,142.333
102,75,3,1,2,2,3,3,4,0.666667,0.333333,0.666667,0.839343,0.252567,0,0,0,143
102,76,3,1,2,2,3,4,3,0.777778,0.333333,0.777778,0.648776,0.438006,0,0,0,143.778
102,77,3,1,1,2,1,2,1,0.666667,0,0.666667,0.501716,0.410756,0,0,0,144.444
102,78,3,5,1,2,1,1,2,0.666667,0.222222,0.666667,0.664654,0.450928,0,0,0,147.778
102,79,3,5,1,2,1,2,1,0.333333,0.222222,0.333333,0.695605,0.437293,0,0,0,149.444
102,80,3,1,2,1,4,3,4,0.222222,0.222222,0.333333,0.908906,0.16347,0,0,0,149.667
102,81,3,1,1,1,2,1,2,0.444444,0.444444,0.444444,0.890017,0.250756,0,0,0,150.111
102,82,3,1,2,1,4,4,3,0.111111,0.111111,0.444444,0.943757,0.526766,0,0,0,150.222
102,83,3,1,1,2,1,2,1,0.222222,0.555556,0.222222,0.594772,0.209143,0,0,0,150.444
102,84,3,5,2,1,4,4,3,0.222222,0.222222,0,0.698335,0.500742,0,0,0,151.556
102,85,3,1,1,2,1,2,1,0,0.222222,0,0.662367,0.20682,0,0,0,151.556
102,86,3,1,1,1,2,2,1,0.222222,0.222222,0.111111,0.587898,0.2829,0,0,0,151.778
102,87,3,1,2,1,4,4,3,0,0,0,0.958875,0.254276,0,0,0,151.778
102,88,3,1,1,2,1,2,1,0.111111,0,0.111111,0.513447,0.196124,0,0,0,151.889
102,89,3,1,1,2,1,1,2,0.222222,0.111111,0.222222,1.05111,0.222771,0,0,0,152.111
102,90,3,1,2,1,4,3,4,0.222222,0.222222,0.444444,0.618382,0.214238,0,0,0,152.333
102,91,3,1,2,1,4,4,3,0.222222,0.222222,0.777778,1.07241,0.287727,0,0,0,152.556
102,92,3,5,2,2,3,4,3,0.666667,0.111111,0.666667,0.531168,0.209226,0,0,0,155.889
102,93,3,1,2,2,3,3,4,0.555556,0,0.555556,0.627383,0.237438,0,0,0,156.444
102,94,3,5,1,2,1,2,1,0.777778,0.222222,0.777778,0.672971,0.816015,0,0,0,160.333
102,95,3,1,2,2,3,3,4,0.777778,0.222222,0.777778,1.00354,0.193322,0,0,0,161.111
102,96,3,5,2,2,3,3,4,0.555556,0.555556,0.555556,0.832424,0.286029,0,0,0,163.889
102,97,3,1,2,1,4,3,4,0.111111,0.111111,0.444444,0.386935,0.42106,0,0,0,164
102,98,3,5,1,2,1,2,1,0.111111,0.111111,0.111111,0.684553,0.233787,0,0,0,164.556
102,99,3,1,2,1,4,3,4,0.111111,0.111111,0.111111,0.519647,0.406579,0,0,0,164.667
102,100,3,5,1,2,1,2,1,0.111111,0.111111,0.111111,1.11331,0.341592,0,0,0,165.222
102,101,3,5,1,1,2,2,1,0.555556,0.555556,0,1.15283,0.719203,0,0,0,168
102,102,3,5,1,1,2,2,1,0.555556,0.555556,0.222222,0.519491,0.56812,0,0,0,170.778
102,103,3,1,2,1,4,4,3,0.222222,0.222222,0.111111,0.740275,0.238492,0,0,0,171
102,104,3,5,2,1,4,4,3,0.111111,0.111111,0.444444,0.693274,0.257862,0,0,0,171.556
102,105,4,1,1,2,1,1,2,0.444444,0.333333,0.444444,0.511002,0.262482,0,0,0,172
102,106,4,1,2,2,3,3,4,0.888889,0.222222,0.888889,1.19157,0.340537,0,0,0,172.889
102,107,4,5,2,2,3,4,3,0.888889,0.333333,0.888889,0.581476,0.205726,0,0,0,177.333
102,108,4,5,2,2,3,4,3,0.666667,0.222222,0.666667,0.623685,0.363713,0,0,0,180.667
102,109,4,1,2,2,3,4,3,0.555556,0.555556,0.555556,1.0616,0.239219,0,0,0,181.222
102,110,4,5,1,1,2,1,2,0.666667,0.666667,0.777778,0.998836,0.001006,0,0,0,184.556
102,111,4,1,1,1,2,1,2,0.333333,0.333333,0.888889,0.426301,0.377445,0,0,0,184.889
102,112,4,5,1,1,2,1,2,0.333333,0.333333,0.888889,0.666283,0.243329,0,0,0,186.556
102,113,4,1,2,2,3,4,3,1,0.444444,1,0.499695,0.348187,0,0,0,187.556
102,114,4,1,2,2,3,4,3,0.777778,0.444444,0.777778,0.534192,0.350477,0,0,0,188.333
102,115,4,5,2,2,3,3,4,0.777778,0.111111,0.777778,0.914739,0.70414,0,0,0,192.222
102,116,4,1,1,2,1,2,1,0.777778,0.222222,0.777778,0.618404,0.258039,0,0,0,193
102,117,4,1,1,2,1,1,2,0.777778,0.111111,0.777778,0.799154,0.326067,0,0,0,193.778
102,118,4,5,2,2,3,4,3,0.555556,0.333333,0.555556,0.911076,0.402144,0,0,0,196.556
102,119,4,5,2,2,3,3,4,0.666667,0.444444,0.666667,0.698497,0.619548,0,0,0,199.889
102,120,4,1,1,1,2,1,2,0.444444,0.444444,0.444444,0.832252,0.435148,0,0,0,200.333
102,121,4,5,1,1,2,1,2,0.555556,0.555556,0.555556,0.671604,0.313594,0,0,0,203.111
102,122,4,5,1,1,2,1,2,0.333333,0.333333,1,0.52665,0.399279,0,0,0,204.778
102,123,4,1,1,1,2,2,1,0.111111,0.111111,0.888889,1.2069,0.512547,0,0,0,204.889
102,124,4,5,1,2,1,2,1,0.666667,1,0.666667,0.496014,0.250167,0,0,0,208.222
102,125,4,5,1,2,1,1,2,0.666667,0.666667,0.666667,0.790659,0.220657,0,0,0,211.556
102,126,4,1,1,2,1,2,1,0.888889,0.555556,0.888889,0.674656,0.383331,0,0,0,212.444
102,127,4,1,1,2,1,1,2,0.888889,1,0.888889,0.810338,0.22239,0,0,0,213.333
102,128,4,1,1,2,1,2,1,0.777778,0.888889,0.777778,0.526203,0.342762,0,0,0,214.111
102,129,4,5,1,2,1,2,1,0.444444,0.555556,0.444444,0.771889,0.590576,0,0,0,216.333
102,130,4,5,1,2,1,2,1,0.555556,0.666667,0.555556,0.544373,0.172129,0,0,0,219.111
102,131,4,5,2,2,3,3,4,0.777778,0.777778,0.777778,1.21948,0.239993,0,0,0,223
102,132,4,5,2,1,4,3,4,0.666667,0.666667,0.666667,1.34222,0.36013,0,0,0,226.333
102,133,4,1,1,1,2,1,2,0.888889,0.888889,0.777778,0.681118,0.227677,0,0,0,227.222
102,134,4,5,2,1,4,4,3,0.555556,0.555556,0.777778,0.609384,0.280379,0,0,0,230
102,135,4,5,2,1,4,3,4,0.666667,0.666667,0.666667,0.479705,0.181328,0,0,0,233.333
102,136,4,5,2,1,4,4,3,0.888889,0.888889,0.444444,1.02721,0.311215,0,0,0,237.778
102,137,4,1,2,1,4,4,3,0.666667,0.666667,0.111111,1.3571,0.242015,0,0,0,238.444
102,138,4,1,2,2,3,4,3,0.444444,0.777778,0.444444,0.929384,0.267188,0,0,0,238.889
102,139,4,5,1,2,1,2,1,0.333333,0.666667,0.333333,1.05484,0.164703,0,0,0,240.556
115,0,1,5,2,0,-1,4,3,0,0.222222,0.555556,-1,-1,1,0,1,0
115,1,1,5,1,1,2,2,1,0.111111,0.111111,0.555556,1.13594,0.607325,0,0,0,0.555556
115,2,1,5,1,2,1,2,1,0.222222,0.111111,0.222222,1.51171,0.686775,0,0,0,1.66667
115,3,1,1,2,2,3,4,3,0.222222,0,0.222222,0.845259,0.317573,0,0,0,1.88889
115,4,1,5,1,1,2,1,2,0,0,0.222222,1.07959,0.44981,0,0,0,1.88889
115,5,1,5,1,2,1,1,2,0.111111,0.111111,0.111111,1.35997,0.167234,0,0,0,2.44444
115,6,1,1,1,1,2,2,1,0.111111,0.111111,0.111111,1.38509,0.539763,0,0,0,2.55556
115,7,1,1,2,1,4,3,4,0.555556,0.555556,0.111111,1.66999,0.647342,0,0,0,3.11111
115,8,1,1,2,1,4,3,4,0.444444,0.444444,0.333333,0.46733,0.236,0,0,0,3.55556
115,9,1,5,2,1,4,4,3,0.444444,0.444444,0.555556,0.821571,0.185754,0,0,0,5.77778
115,10,1,5,1,1,2,1,2,0.777778,0.777778,0.555556,1.15193,0.215334,0,0,0,9.66667
115,11,1,5,1,1,2,2,1,0.888889,0.888889,0.666667,0.808511,0.173394,0,0,0,14.1111
115,12,1,5,1,1,2,1,2,0.888889,0.888889,0.444444,0.986466,0.0389559,0,0,0,18.5556
115,13,1,5,2,1,4,4,3,0.888889,0.888889,0.333333,0.387245,0.169982,0,0,0,23
115,14,1,5,2,1,4,3,4,0.888889,0.888889,0.444444,0.85304,0.425496,0,0,0,27.4444
115,15,1,5,1,1,2,1,2,1,1,0.555556,0.886871,0.14236,0,0,0,32.4444
115,16,1,5,2,1,4,3,4,0.888889,0.888889,0.444444,0.382067,0.159138,0,0,0,36.8889
115,17,1,5,2,1,4,3,4,0.888889,0.888889,0.555556,0.285578,0.450914,0,0,0,41.3333
115,18,1,1,2,2,3,3,4,0.555556,0.888889,0.555556,0.904235,0.22407,0,0,0,41.8889
115,19,1,1,2,2,3,4,3,0.666667,0.666667,0.666667,1.14393,0.245024,0,0,0,42.5556
115,20,1,1,1,2,1,1,2,0.666667,1,0.666667,0.625276,0.221498,0,0,0,43.2222
115,21,1,1,1,2,1,1,2,0.333333,0.555556,0.333333,1.11822,0.206278,0,0,0,43.5556
115,22,1,1,1,2,1,1,2,0.555556,0.444444,0.555556,0.758366,0.312803,0,0,0,44.1111
115,23,1,5,2,1,4,3,4,1,1,0.666667,0.486427,0.260889,0,0,0,49.1111
115,24,1,5,2,1,4,3,4,0.888889,0.888889,0.666667,0.312701,0.76335,0,0,0,53.5556
115,25,1,5,2,1,4,4,3,0.777778,0.777778,0.555556,0.678816,0.273777,0,0,0,57.4444
115,26,1,5,1,1,2,2,1,1,1,0.777778,1.0568,0.342153,0,0,0,62.4444
115,27,1,1,2,2,3,4,3,0.555556,0.888889,0.555556,1.0257,0.302737,0,0,0,63
115,28,1,1,1,2,1,2,1,0.333333,0.666667,0.333333,1.09242,0.345376,0,0,0,63.3333
115,29,1,1,2,2,3,4,3,0,0.777778,0,1.15489,-1,0,1,1,63.3333
115,30,1,5,2,1,4,3,4,0.777778,0.777778,0.111111,0.892133,0.204575,0,0,0,67.2222
115,31,1,5,1,1,2,1,2,0.555556,0.555556,0.111111,0.915875,0.196094,0,0,0,70
115,32,1,1,2,2,3,3,4,0.444444,0.111111,0.444444,0.857552,0.273327,0,0,0,70.4444
115,33,1,5,2,1,4,4,3,0.111111,0.111111,0,0.529571,0.814452,0,0,0,71
115,34,1,5,1,1,2,2,1,0.222222,0.222222,0.222222,0.98156,0.265615,0,0,0,72.1111
115,35,2,5,2,1,4,3,4,0,0,0,0.45794,0.170096,0,0,0,72.1111
115,36,2,5,2,2,3,3,4,0.111111,0.111111,0.111111,0.751713,0.196412,0,0,0,72.6667
115,37,2,1,1,1,2,1,2,0.222222,0.222222,0.333333,0.938299,0.337115,0,0,0,72.8889
115,38,2,5,2,2,3,4,3,0.222222,0.111111,0.222222,0.725608,0.0550752,0,0,0,74
115,39,2,1,2,2,3,3,4,0.111111,0.111111,0.111111,0.985865,0.2038,0,0,0,74.1111
115,40,2,1,2,1,4,4,3,0.888889,0.888889,0.222222,0.783405,0.186298,0,0,0,75
115,41,2,5,2,2,3,4,3,0.444444,0.888889,0.444444,0.608343,0.339654,0,0,0,77.2222
115,42,2,5,1,2,1,1,2,0.444444,1,0.444444,0.99373,0.236092,0,0,0,79.4444
115,43,2,1,2,1,4,4,3,0.555556,0.555556,0.888889,0.519524,0.258104,0,0,0,80
115,44,2,5,1,2,1,1,2,0.888889,0.777778,0.888889,1.08937,0.181735,0,0,0,84.4444
115,45,2,5,1,1,2,2,1,0.777778,0.777778,0.888889,1.39599,0.364393,0,0,0,88.3333
115,46,2,1,1,2,1,1,2,0.666667,0.222222,0.666667,1.21609,0.217117,0,0,0,89
115,47,2,5,2,1,4,3,4,0.333333,0.333333,0.777778,0.648039,0.221231,0,0,0,90.6667
115,48,2,5,2,2,3,4,3,0.888889,0.333333,0.888889,0.648877,0.493048,0,0,0,95.1111
115,49,2,1,2,1,4,3,4,0.222222,0.222222,0.555556,1.3233,0.223526,0,0,0,95.3333
115,50,2,1,2,2,3,3,4,0.333333,0.111111,0.333333,0.662387,0.158529,0,0,0,95.6667
115,51,2,5,2,2,3,4,3,0.333333,0,0.333333,0.880638,0.167664,0,0,0,97.3333
115,52,2,1,1,2,1,2,1,0.222222,0.222222,0.222222,1.02374,0.22652,0,0,0,97.5556
115,53,2,5,1,0,-1,1,2,0,0.111111,0.111111,-1,-1,1,0,1,97.5556
115,54,2,5,2,2,3,4,3,0.111111,0.555556,0.111111,0.976146,0.291645,0,0,0,98.1111
115,55,2,1,2,1,4,3,4,1,1,0.444444,0.989727,0.242979,0,0,0,99.1111
115,56,2,1,2,1,4,4,3,0.888889,0.888889,0.444444,0.726468,0.252523,0,0,0,100
115,57,2,1,1,2,1,2,1,0.222222,0.777778,0.222222,1.27017,0.492925,0,0,0,100.222
115,58,2,1,2,1,4,4,3,0.555556,0.555556,0.555556,0.735432,0.193214,0,0,0,100.778
115,59,2,5,2,2,3,4,3,0.555556,0.444444,0.555556,0.587846,0.193163,0,0,0,103.556
115,60,2,1,1,2,1,2,1,0.222222,0.333333,0.222222,1.25035,0.233975,0,0,0,103.778
115,61,2,1,2,2,3,4,3,0.222222,0.444444,0.222222,0.862809,0.209255,0,0,0,104
115,62,2,1,2,1,4,4,3,0.222222,0.222222,0.333333,0.745634,0.113173,0,0,0,104.222
115,63,2,5,2,2,3,3,4,0,0.222222,0.555556,1.09815,-1,0,1,1,104.222
115,64,2,1,2,2,3,4,3,0.444444,0.444444,0.444444,0.436511,1.92261,0,0,0,104.667
115,65,2,5,2,1,4,4,3,0.666667,0.666667,0.222222,0.756308,0.545273,0,0,0,108
115,66,2,5,1,1,2,2,1,0.666667,0.666667,0.555556,0.942444,0.14762,0,0,0,111.333
115,67,2,1,2,2,3,3,4,0.888889,0.777778,0.888889,1.06626,0.00088047,0,0,0,112.222
115,68,2,5,2,1,4,3,4,0.777778,0.777778,0.888889,1.08328,0.435165,0,0,0,116.111
115,69,2,1,1,1,2,2,1,0.333333,0.333333,0.888889,0.626153,0.0242932,0,0,0,116.444
115,70,3,1,2,2,3,3,4,1,0.444444,1,0.827215,0.230929,0,0,0,117.444
115,71,3,5,2,2,3,4,3,0.888889,0.333333,0.888889,0.992117,0.189002,0,0,0,121.889
115,72,3,5,2,2,3,3,4,0.777778,0.111111,0.777778,0.770035,0.202981,0,0,0,125.778
115,73,3,1,1,2,1,2,1,0.555556,0,0.555556,0.965686,0.14718,0,0,0,126.333
115,74,3,5,2,2,3,3,4,0.888889,0.222222,0.888889,1.03264,0.149999,0,0,0,130.778
115,75,3,1,2,2,3,3,4,0.888889,0.111111,0.888889,0.720447,0.0188008,0,0,0,131.667
115,76,3,5,2,2,3,4,3,1,0.111111,1,0.644724,0.182239,0,0,0,136.667
115,77,3,1,1,1,2,2,1,0.222222,0.222222,0.666667,1.0508,0.37787,0,0,0,136.889
115,78,3,1,1,2,1,2,1,0.444444,0.444444,0.444444,0.980355,0.0628565,0,0,0,137.333
115,79,3,1,2,2,3,3,4,0.444444,0.333333,0.444444,1.09047,0.175309,0,0,0,137.778
115,80,3,5,1,2,1,1,2,0.888889,0,0.888889,1.36033,0.137196,0,0,0,142.222
115,81,3,1,1,1,2,2,1,0.444444,0.444444,0.777778,1.84473,0.547167,0,0,0,142.667
115,82,3,1,1,2,1,2,1,1,0.888889,1,1.01932,0.253717,0,0,0,143.667
115,83,3,5,2,2,3,4,3,0.888889,0.555556,0.888889,0.851817,0.0276697,0,0,0,148.111
115,84,3,5,2,2,3,4,3,0.777778,0.444444,0.777778,0.961195,0.0530037,0,0,0,152
115,85,3,5,2,2,3,3,4,0.777778,0.333333,0.777778,1.46064,0.273851,0,0,0,155.889
115,86,3,5,1,1,2,1,2,0.444444,0.444444,0.777778,1.74667,0.78281,0,0,0,158.111
115,87,3,1,2,2,3,3,4,0.777778,0.222222,0.777778,0.981176,0.223229,0,0,0,158.889
115,88,3,1,1,2,1,2,1,0.444444,0.333333,0.444444,0.936504,0.0939061,0,0,0,159.333
115,89,3,1,2,2,3,4,3,0.444444,0.333333,0.444444,1.00475,0.00358919,0,0,0,159.778
115,90,3,5,1,2,1,1,2,0.111111,0.333333,0.111111,0.786649,0.0999979,0,0,0,160.333
115,91,3,1,2,1,4,4,3,0.222222,0.222222,0.222222,0.65248,0.00170955,0,0,0,160.556
115,92,3,5,1,2,1,2,1,0.222222,0.555556,0.222222,1.03067,0.0780186,0,0,0,161.667
115,93,3,5,2,2,3,4,3,0.444444,0.222222,0.444444,0.88339,0.726067,0,0,0,163.889
115,94,3,1,1,1,2,1,2,0.111111,0.111111,0.444444,1.0561,0.21169,0,0,0,164
115,95,3,5,1,2,1,2,1,0.333333,0.444444,0.333333,1.13949,0.166314,0,0,0,165.667
115,96,3,1,1,2,1,2,1,0.444444,0.444444,0.444444,0.657157,0.316525,0,0,0,166.111
115,97,3,5,1,2,1,1,2,0.222222,0.333333,0.222222,1.21614,0.630949,0,0,0,167.222
115,98,3,5,1,2,1,2,1,0.555556,0.666667,0.555556,1.31189,0.555601,0,0,0,170
115,99,3,5,1,2,1,1,2,0.222222,0.444444,0.222222,0.897402,0.255764,0,0,0,171.111
115,100,3,1,1,2,1,1,2,0.666667,0.666667,0.666667,0.933094,0.0381845,0,0,0,171.778
115,101,3,5,2,2,3,4,3,0.666667,0.444444,0.666667,0.886268,0.0566743,0,0,0,175.111
115,102,3,5,2,2,3,3,4,0,0.666667,0.666667,1.21182,-1,0,1,1,175.111
115,103,3,5,1,2,1,1,2,0.666667,0.444444,0.666667,1.82959,0.331162,0,0,0,178.444
115,104,3,5,2,2,3,3,4,0.333333,0.555556,0.333333,0.827872,0.807815,0,0,0,180.111
115,105,4,1,2,1,4,4,3,0,0.777778,0.444444,0.949659,-1,0,1,1,180.111
115,106,4,1,2,1,4,4,3,1,1,0.111111,0.342546,0.245019,0,0,0,181.111
115,107,4,1,2,1,4,3,4,0.888889,0.888889,0.222222,0.6197,0.0334964,0,0,0,182
115,108,4,1,2,1,4,4,3,0.666667,0.666667,0.111111,0.432862,0.220357,0,0,0,182.667
115,109,4,1,1,1,2,2,1,0.555556,0.555556,0.111111,1.22506,0.14927,0,0,0,183.222
115,110,4,5,2,1,4,4,3,0,0,0.111111,0.631113,0.0395729,0,0,0,183.222
115,111,4,1,2,1,4,3,4,0.111111,0.111111,0.333333,0.783335,0.649076,0,0,0,183.333
115,112,4,5,2,2,3,3,4,0.555556,0.111111,0.555556,0.924311,0.208185,0,0,0,186.111
115,113,4,5,1,2,1,2,1,0.666667,0.222222,0.666667,1.01837,0.000757533,0,0,0,189.444
115,114,4,5,1,2,1,2,1,0.888889,0.333333,0.888889,1.33273,0.349923,0,0,0,193.889
115,115,4,1,2,2,3,3,4,0.666667,0.666667,0.666667,1.01596,0.156545,0,0,0,194.556
115,116,4,1,1,2,1,1,2,0.888889,0.555556,0.888889,0.896029,0.000925959,0,0,0,195.444
115,117,4,1,1,2,1,2,1,1,0.444444,1,0.699632,0.355344,0,0,0,196.444
115,118,4,1,2,2,3,4,3,0.666667,0.111111,0.666667,0.868755,0.799796,0,0,0,197.111
115,119,4,5,1,2,1,1,2,0.777778,0.333333,0.777778,1.09383,0.593919,0,0,0,201
115,120,4,1,1,2,1,1,2,0.888889,0.666667,0.888889,0.717663,0.000975326,0,0,0,201.889
115,121,4,1,2,1,4,4,3,0.666667,0.666667,0.666667,1.33336,0.0401247,0,0,0,202.556
115,122,4,5,1,2,1,2,1,0.444444,0.777778,0.444444,0.714409,0.000971534,0,0,0,204.778
115,123,4,5,1,2,1,2,1,0.222222,0.888889,0.222222,0.628628,0.292678,0,0,0,205.889
115,124,4,1,2,1,4,3,4,0.555556,0.555556,0.222222,1.14662,0.233506,0,0,0,206.444
115,125,4,5,2,2,3,3,4,0.111111,0.333333,0.111111,0.59355,0.0010864,0,0,0,207
115,126,4,1,1,2,1,1,2,0.222222,0.444444,0.222222,0.768782,0.0680513,0,0,0,207.222
115,127,4,1,2,1,4,4,3,0.555556,0.555556,0.444444,0.855808,0.044385,0,0,0,207.778
115,128,4,1,2,1,4,3,4,0.333333,0.333333,0.444444,0.728425,1.40612,0,0,0,208.111
115,129,4,1,2,1,4,4,3,0.222222,0.222222,0.555556,0.614379,0.402718,0,0,0,208.333
115,130,4,1,1,2,1,1,2,0.444444,0.555556,0.444444,1.32089,0.000968848,0,0,0,208.778
115,131,4,5,1,1,2,1,2,0.555556,0.555556,0.555556,1.1631,0.000922429,0,0,0,211.556
115,132,4,1,2,1,4,4,3,0.111111,0.111111,0.777778,0.951226,0.470951,0,0,0,211.667
115,133,4,1,2,1,4,4,3,0,0,0.777778,1.13576,0.174793,0,0,0,211.667
115,134,4,5,2,2,3,3,4,0.777778,0.222222,0.777778,1.00611,0.03558,0,0,0,215.556
115,135,4,1,2,2,3,4,3,0.888889,0.666667,0.888889,0.671857,0.00100019,0,0,0,216.444
115,136,4,5,1,2,1,1,2,0.777778,0.555556,0.777778,1.03688,0.179093,0,0,0,220.333
115,137,4,5,2,2,3,3,4,1,0.444444,1,0.682539,0.0757314,0,0,0,225.333
115,138,4,1,1,1,2,1,2,0.666667,0.666667,0.888889,0.258043,0.158305,0,0,0,226
115,139,4,1,1,2,1,2,1,0.888889,0.777778,0.888889,1.31301,0.000926618,0,0,0,226.889
